;CO_TAZID,Index,TOTHH,HHPOP,HHSIZE,TOTEMP,RETEMP,INDEMP,OTHEMP,ALLEMP,RETL,FOOD,MANU,WSLE,OFFI,GVED,HLTH,OTHR,FM_AGRI,FM_MING,FM_CONS,HBJ,SEC_HOME,CABIN,CONDO,HOTEL,AVGINCOME,Enrol_Elem,Enrol_Midl,Enrol_High,Sub_Area,CO_FIPS,CO_NAME,DISTLRG,DLRG_NAME,DISTMED,DMED_NAME,DISTSML,DSML_NAME,CITY_NAME
3001,1,72.4,188.0,2.60,115.3,40.9,30.8,43.6,154.1,24.3,16.5,21.4,9.4,1.3,32.2,2.5,7.6,32.0,0.0,3.1,3.7,3.0,0.0,0.0,0.0,42202,23,0,0,0,3,BOX ELDER,3,West Box Elder County,12,NA,6,NA,Snowville
3002,2,146.3,349.9,2.39,22.2,3.6,5.9,12.6,49.9,3.2,0.4,1.2,4.7,0.5,7.4,0.6,4.1,0.0,0.0,20.3,7.5,0.0,0.0,0.0,0.0,54204,0,0,0,0,3,BOX ELDER,3,West Box Elder County,12,NA,5,NA,Howell
3003,3,120.1,271.8,2.26,27.4,1.0,2.4,23.9,50.7,0.7,0.4,1.2,1.3,0.5,13.9,0.5,9.0,0.0,0.0,17.1,6.2,3.0,0.0,0.0,0.0,53540,0,0,0,0,3,BOX ELDER,2,East Box Elder County not WFRC,11,NA,7,NA,Portage
3004,4,199.5,546.2,2.74,39.6,12.4,12.4,14.9,114.5,1.9,10.5,2.1,10.3,1.3,7.9,0.8,4.9,0.0,25.7,38.9,10.3,0.0,0.0,0.0,0.0,53540,0,0,0,0,3,BOX ELDER,2,East Box Elder County not WFRC,11,NA,8,NA,Plymouth
3005,5,246.3,637.4,2.59,114.2,5.6,19.4,89.3,162.7,3.5,2.0,7.2,12.1,2.5,74.7,2.9,9.1,0.0,0.0,35.8,12.7,0.0,0.0,0.0,0.0,56865,336,0,0,0,3,BOX ELDER,2,East Box Elder County not WFRC,11,NA,8,NA,Fielding
3006,6,120.1,370.8,3.09,56.3,1.8,18.4,36.1,62.5,1.2,0.7,2.2,16.2,4.5,12.3,0.9,18.4,0.0,0.0,0.0,6.2,0.0,0.0,0.0,0.0,52913,0,0,0,0,3,BOX ELDER,2,East Box Elder County not WFRC,7,NA,9,NA,Garland
3007,7,212.0,547.8,2.58,99.7,1.1,0.2,98.4,116.9,0.1,1.0,0.1,0.1,0.0,98.2,0.1,0.2,0.0,0.0,6.2,10.9,0.0,0.0,0.0,0.0,52913,705,0,0,0,3,BOX ELDER,2,East Box Elder County not WFRC,7,NA,9,NA,Garland
3008,8,35.7,69.5,1.95,0.0,0.0,0.0,0.0,6.5,0.0,0.0,0.0,0.0,0.0,0.0,0.0,0.0,0.0,0.0,4.7,1.8,0.0,0.0,0.0,0.0,48829,0,0,0,0,3,BOX ELDER,2,East Box Elder County not WFRC,7,NA,11,NA,Garland
3009,9,71.6,194.9,2.72,55.0,6.3,26.6,22.1,69.6,4.0,2.3,7.3,19.3,2.8,5.8,3.3,10.2,0.0,0.0,10.9,3.7,0.0,0.0,0.0,0.0,48829,0,0,0,0,3,BOX ELDER,2,East Box Elder County not WFRC,7,NA,11,NA,Garland
3010,10,140.3,385.7,2.75,67.8,11.4,10.6,45.8,75.0,11.4,0.0,1.7,8.9,0.0,39.9,0.8,5.0,0.0,0.0,0.0,7.2,0.0,0.0,0.0,0.0,48829,0,0,0,0,3,BOX ELDER,2,East Box Elder County not WFRC,7,NA,11,NA,Garland
3011,11,226.2,593.6,2.62,24.5,2.6,7.8,14.1,50.1,1.7,0.9,4.8,3.0,1.1,2.4,1.3,9.2,0.0,0.0,14.0,11.6,0.0,0.0,0.0,0.0,48829,0,0,0,0,3,BOX ELDER,2,East Box Elder County not WFRC,7,NA,11,NA,Garland
3012,12,14.0,16.8,1.20,0.0,0.0,0.0,0.0,0.7,0.0,0.0,0.0,0.0,0.0,0.0,0.0,0.0,0.0,0.0,0.0,0.7,0.0,0.0,0.0,0.0,48829,0,0,0,0,3,BOX ELDER,2,East Box Elder County not WFRC,7,NA,11,NA,Garland
3013,13,33.5,110.7,3.30,0.0,0.0,0.0,0.0,4.8,0.0,0.0,0.0,0.0,0.0,0.0,0.0,0.0,0.0,0.0,3.1,1.7,0.0,0.0,0.0,0.0,48829,0,0,0,0,3,BOX ELDER,2,East Box Elder County not WFRC,7,NA,11,NA,Garland
3014,14,108.8,350.2,3.22,157.6,15.7,33.2,108.7,163.2,7.7,8.0,17.6,15.6,5.1,11.1,27.3,65.2,0.0,0.0,0.0,5.6,0.0,0.0,0.0,0.0,48829,0,0,0,0,3,BOX ELDER,2,East Box Elder County not WFRC,7,NA,11,NA,Garland
3015,15,244.9,707.0,2.89,41.2,7.1,12.0,22.1,66.2,2.5,4.6,3.8,8.2,1.1,2.3,14.8,4.0,0.0,0.0,12.5,12.6,0.0,0.0,0.0,0.0,48829,0,0,0,0,3,BOX ELDER,2,East Box Elder County not WFRC,7,NA,11,NA,Garland
3016,16,68.4,172.9,2.53,23.3,0.8,21.9,0.6,33.0,0.8,0.0,4.5,17.4,0.6,0.0,0.0,0.0,0.0,0.0,6.2,3.5,0.0,0.0,0.0,0.0,48829,0,0,0,0,3,BOX ELDER,2,East Box Elder County not WFRC,7,NA,11,NA,Garland
3017,17,399.4,1191.3,2.98,139.7,16.7,63.4,59.5,281.7,11.0,5.7,34.4,29.0,7.5,14.7,8.3,29.0,0.0,0.0,121.5,20.5,0.0,0.0,0.0,0.0,53540,0,0,0,0,3,BOX ELDER,2,East Box Elder County not WFRC,7,NA,10,NA,Tremonton
3018,18,0.0,0.0,0.00,422.9,17.7,341.6,63.6,432.3,11.3,6.4,303.1,38.4,8.3,16.5,9.3,29.6,0.0,0.0,9.3,0.0,0.0,0.0,0.0,0.0,48829,0,0,0,0,3,BOX ELDER,2,East Box Elder County not WFRC,7,NA,11,NA,Tremonton
3019,19,0.0,0.0,0.00,999.3,592.3,384.8,22.2,999.3,592.3,0.0,336.9,47.9,0.0,0.0,6.9,15.3,0.0,0.0,0.0,0.0,0.0,0.0,0.0,0.0,48829,0,0,0,0,3,BOX ELDER,2,East Box Elder County not WFRC,7,NA,11,NA,Tremonton
3020,20,148.3,370.7,2.50,270.3,37.6,90.3,142.4,382.3,24.0,13.6,41.9,48.4,18.3,35.3,19.9,69.0,0.0,0.0,104.4,7.6,0.0,0.0,0.0,0.0,54181,0,0,0,0,3,BOX ELDER,2,East Box Elder County not WFRC,8,NA,16,NA,Tremonton
3021,21,320.3,917.6,2.87,387.7,106.0,105.0,176.7,408.9,40.8,65.2,44.7,60.3,18.0,36.4,20.4,101.9,0.0,0.0,4.7,16.5,0.0,0.0,0.0,0.0,44563,0,0,0,0,3,BOX ELDER,2,East Box Elder County not WFRC,7,NA,10,NA,Tremonton
3022,22,20.1,63.5,3.16,937.5,44.4,770.0,123.0,958.4,4.3,40.1,577.8,192.2,0.0,0.0,0.0,123.0,20.0,0.0,0.0,1.0,0.0,0.0,0.0,0.0,44563,0,0,0,0,3,BOX ELDER,2,East Box Elder County not WFRC,7,NA,10,NA,Tremonton
3023,23,120.1,294.7,2.45,307.4,25.6,115.6,166.1,323.0,17.9,7.7,16.4,99.3,6.7,13.4,50.0,95.9,0.0,0.0,9.3,6.2,0.0,0.0,0.0,0.0,44563,0,0,0,0,3,BOX ELDER,2,East Box Elder County not WFRC,7,NA,11,NA,Tremonton
3024,24,200.3,642.2,3.21,236.5,4.6,15.6,216.3,249.9,2.4,2.2,4.2,11.4,12.8,3.5,116.5,83.4,0.0,0.0,3.1,10.3,0.0,0.0,0.0,0.0,44563,0,0,0,0,3,BOX ELDER,2,East Box Elder County not WFRC,7,NA,11,NA,Tremonton
3025,25,191.0,446.3,2.34,104.5,0.6,1.5,102.4,114.3,0.4,0.2,0.7,0.8,0.3,99.8,1.2,1.1,0.0,0.0,0.0,9.8,0.0,0.0,0.0,0.0,60482,514,0,997,0,3,BOX ELDER,2,East Box Elder County not WFRC,7,NA,11,NA,Tremonton
3026,26,140.9,413.5,2.93,248.9,0.0,0.0,248.9,260.1,0.0,0.0,0.0,0.0,1.3,116.7,0.0,130.9,4.0,0.0,0.0,7.2,0.0,0.0,0.0,0.0,60482,0,452,226,0,3,BOX ELDER,2,East Box Elder County not WFRC,7,NA,11,NA,Tremonton
3027,27,99.8,297.2,2.98,296.7,49.9,111.2,135.6,347.0,27.8,22.1,46.7,64.5,17.6,35.3,19.8,62.8,0.0,0.0,45.2,5.1,0.0,0.0,0.0,0.0,46238,0,0,0,0,3,BOX ELDER,2,East Box Elder County not WFRC,7,NA,11,NA,Tremonton
3028,28,244.6,587.2,2.40,457.7,75.3,152.7,229.7,604.0,41.2,34.1,71.2,81.5,30.7,59.0,34.0,106.1,6.0,0.0,127.8,12.6,0.0,0.0,0.0,0.0,46238,0,0,0,0,3,BOX ELDER,2,East Box Elder County not WFRC,7,NA,11,NA,Tremonton
3029,29,401.1,975.6,2.43,148.8,3.3,41.9,103.6,169.4,3.0,0.3,3.3,38.6,2.9,41.1,35.1,24.4,0.0,0.0,0.0,20.6,0.0,0.0,0.0,0.0,44563,0,724,0,0,3,BOX ELDER,2,East Box Elder County not WFRC,7,NA,11,NA,Tremonton
3030,30,277.3,692.8,2.50,405.2,82.4,3.6,319.2,419.4,52.2,30.2,1.8,1.9,119.4,1.4,11.6,186.8,0.0,0.0,0.0,14.2,0.0,0.0,0.0,0.0,28389,0,0,0,0,3,BOX ELDER,2,East Box Elder County not WFRC,7,NA,11,NA,Tremonton
3031,31,90.2,207.6,2.30,66.8,6.4,15.1,45.4,74.5,4.1,2.3,7.2,7.8,4.9,5.9,9.5,25.0,0.0,0.0,3.1,4.6,0.0,0.0,0.0,0.0,46238,0,0,0,0,3,BOX ELDER,2,East Box Elder County not WFRC,7,NA,11,NA,Tremonton
3032,32,149.4,429.2,2.87,0.0,0.0,0.0,0.0,100.3,0.0,0.0,0.0,0.0,0.0,0.0,0.0,0.0,10.0,0.0,82.6,7.7,0.0,0.0,0.0,0.0,54181,0,0,0,0,3,BOX ELDER,2,East Box Elder County not WFRC,8,NA,16,NA,Tremonton
3033,33,0.0,0.0,0.00,231.9,128.4,39.6,63.8,238.1,16.7,111.7,13.7,25.9,5.7,11.3,6.3,40.6,0.0,0.0,6.2,0.0,0.0,0.0,0.0,0.0,41750,0,0,0,0,3,BOX ELDER,2,East Box Elder County not WFRC,7,NA,10,NA,Tremonton
3034,34,45.1,129.9,2.88,431.0,79.2,140.0,211.8,450.4,63.3,16.0,50.9,89.1,20.5,40.8,22.9,127.6,0.0,0.0,17.1,2.3,0.0,0.0,0.0,0.0,41750,0,0,0,0,3,BOX ELDER,2,East Box Elder County not WFRC,7,NA,11,NA,Tremonton
3035,35,279.0,795.2,2.85,368.1,80.5,92.0,195.5,399.5,65.9,14.6,42.0,50.0,18.9,32.7,19.1,124.7,0.0,0.0,17.1,14.3,0.0,0.0,0.0,0.0,45413,0,0,0,0,3,BOX ELDER,2,East Box Elder County not WFRC,7,NA,11,NA,Tremonton
3036,36,198.7,455.7,2.29,805.5,266.8,74.0,464.6,815.7,204.9,61.9,1.7,72.3,2.8,261.1,29.4,171.4,0.0,0.0,0.0,10.2,0.0,0.0,0.0,0.0,38338,557,0,0,0,3,BOX ELDER,2,East Box Elder County not WFRC,7,NA,11,NA,Tremonton
3037,37,209.9,543.1,2.59,63.4,8.1,1.6,53.7,234.7,8.1,0.0,0.0,1.6,3.8,0.0,15.4,34.4,0.0,0.0,160.5,10.8,0.0,0.0,0.0,0.0,46238,0,0,0,0,3,BOX ELDER,2,East Box Elder County not WFRC,7,NA,11,NA,Tremonton
3038,38,201.9,565.7,2.80,0.0,0.0,0.0,0.0,122.6,0.0,0.0,0.0,0.0,0.0,0.0,0.0,0.0,0.0,0.0,112.2,10.4,0.0,0.0,0.0,0.0,46238,0,0,0,0,3,BOX ELDER,2,East Box Elder County not WFRC,7,NA,11,NA,Tremonton
3039,39,279.8,755.4,2.70,78.6,17.7,18.4,42.5,336.0,9.3,8.3,9.0,9.5,3.6,7.2,4.1,27.6,0.0,0.0,243.0,14.4,0.0,0.0,0.0,0.0,46238,0,0,0,0,3,BOX ELDER,2,East Box Elder County not WFRC,7,NA,11,NA,Tremonton
3040,40,407.0,1193.3,2.93,59.3,0.0,3.4,55.8,80.2,0.0,0.0,0.0,3.4,0.0,39.8,1.6,14.5,0.0,0.0,0.0,20.9,0.0,0.0,0.0,0.0,41750,0,0,0,0,3,BOX ELDER,2,East Box Elder County not WFRC,7,NA,11,NA,Tremonton
3041,41,143.2,409.1,2.86,164.4,23.5,56.6,84.3,231.0,15.6,7.9,24.9,31.6,9.9,20.1,11.3,43.0,0.0,0.0,59.2,7.4,0.0,0.0,0.0,0.0,45413,0,0,0,0,3,BOX ELDER,2,East Box Elder County not WFRC,7,NA,11,NA,Tremonton
3042,42,150.5,184.1,1.22,125.7,15.7,44.0,66.0,139.6,10.0,5.7,19.8,24.2,7.1,25.2,8.1,25.6,0.0,0.0,6.2,7.7,0.0,0.0,0.0,0.0,41750,0,0,0,0,3,BOX ELDER,2,East Box Elder County not WFRC,7,NA,11,NA,Tremonton
3043,43,150.1,423.0,2.82,0.0,0.0,0.0,0.0,90.3,0.0,0.0,0.0,0.0,0.0,0.0,0.0,0.0,0.0,0.0,82.6,7.7,0.0,0.0,0.0,0.0,54181,0,0,0,0,3,BOX ELDER,2,East Box Elder County not WFRC,8,NA,16,NA,Tremonton
3044,44,148.7,442.7,2.98,771.7,111.6,251.0,409.1,869.7,73.2,38.4,126.6,124.5,46.4,97.8,54.8,210.1,0.0,0.0,90.4,7.6,0.0,0.0,0.0,0.0,63578,0,0,0,0,3,BOX ELDER,2,East Box Elder County not WFRC,8,NA,17,NA,Tremonton
3045,45,11.3,14.1,1.25,6.0,2.1,2.6,1.3,11.3,1.9,0.1,0.4,2.2,0.2,0.3,0.2,0.6,0.0,0.0,4.7,0.6,0.0,0.0,0.0,0.0,46238,0,0,0,0,3,BOX ELDER,2,East Box Elder County not WFRC,7,NA,11,NA,Elwood
3046,46,16.8,32.7,1.94,0.0,0.0,0.0,0.0,4.0,0.0,0.0,0.0,0.0,0.0,0.0,0.0,0.0,0.0,0.0,3.1,0.9,0.0,0.0,0.0,0.0,46238,0,0,0,0,3,BOX ELDER,2,East Box Elder County not WFRC,7,NA,11,NA,Elwood
3047,47,22.6,60.7,2.69,0.0,0.0,0.0,0.0,9.0,0.0,0.0,0.0,0.0,0.0,0.0,0.0,0.0,0.0,0.0,7.8,1.2,0.0,0.0,0.0,0.0,46238,0,0,0,0,3,BOX ELDER,2,East Box Elder County not WFRC,7,NA,11,NA,Elwood
3048,48,28.1,95.3,3.39,9.8,1.4,3.4,5.0,23.7,0.9,0.5,1.7,1.7,0.6,1.3,0.7,2.3,0.0,0.0,12.5,1.4,0.0,0.0,0.0,0.0,46238,0,0,0,0,3,BOX ELDER,2,East Box Elder County not WFRC,6,NA,12,NA,Elwood
3049,49,64.0,168.6,2.63,61.3,35.7,9.2,16.4,87.1,4.3,31.4,4.4,4.8,1.8,3.6,2.0,9.0,10.0,0.0,12.5,3.3,0.0,0.0,0.0,0.0,46238,0,0,0,0,3,BOX ELDER,2,East Box Elder County not WFRC,6,NA,12,NA,Elwood
3050,50,38.7,108.2,2.80,3.0,3.0,0.0,0.0,19.0,3.0,0.0,0.0,0.0,0.0,0.0,0.0,0.0,0.0,0.0,14.0,2.0,0.0,0.0,0.0,0.0,46238,0,0,0,0,3,BOX ELDER,2,East Box Elder County not WFRC,6,NA,12,NA,Elwood
3051,51,49.1,93.4,1.90,4.2,0.8,0.1,3.3,23.9,0.8,0.0,0.1,0.1,3.1,0.1,0.0,0.1,0.0,0.0,17.1,2.5,0.0,0.0,0.0,0.0,55022,0,0,0,0,3,BOX ELDER,2,East Box Elder County not WFRC,6,NA,12,NA,Elwood
3052,52,35.9,91.6,2.55,34.9,2.5,7.6,24.8,52.3,1.6,0.9,2.8,4.8,1.2,18.2,1.3,4.1,0.0,0.0,15.6,1.8,0.0,0.0,0.0,0.0,63578,0,0,0,0,3,BOX ELDER,2,East Box Elder County not WFRC,8,NA,17,NA,Elwood
3053,53,33.7,106.3,3.15,4.2,2.2,0.8,1.2,12.1,2.1,0.1,0.4,0.4,0.2,0.3,0.2,0.6,0.0,0.0,6.2,1.7,0.0,0.0,0.0,0.0,63578,0,0,0,0,3,BOX ELDER,2,East Box Elder County not WFRC,8,NA,17,NA,Elwood
3054,54,145.2,492.7,3.39,83.2,39.4,19.1,24.7,109.4,17.3,22.1,11.2,7.9,4.4,6.1,3.4,10.7,0.0,0.0,18.7,7.5,0.0,0.0,0.0,0.0,46238,0,0,0,0,3,BOX ELDER,2,East Box Elder County not WFRC,6,NA,12,NA,Elwood
3055,55,9.9,26.9,2.71,0.0,0.0,0.0,0.0,2.1,0.0,0.0,0.0,0.0,0.0,0.0,0.0,0.0,0.0,0.0,1.6,0.5,0.0,0.0,0.0,0.0,63578,0,0,0,0,3,BOX ELDER,2,East Box Elder County not WFRC,8,NA,17,NA,Elwood
3056,56,28.9,87.0,3.01,0.0,0.0,0.0,0.0,6.2,0.0,0.0,0.0,0.0,0.0,0.0,0.0,0.0,0.0,0.0,4.7,1.5,0.0,0.0,0.0,0.0,63578,0,0,0,0,3,BOX ELDER,2,East Box Elder County not WFRC,8,NA,17,NA,Elwood
3057,57,53.4,143.3,2.68,4.9,0.1,0.3,4.5,31.9,0.1,0.0,0.1,0.2,0.1,4.2,0.1,0.2,4.0,0.0,20.3,2.7,0.0,0.0,0.0,0.0,63578,0,0,0,0,3,BOX ELDER,2,East Box Elder County not WFRC,8,NA,17,NA,Elwood
3058,58,118.9,363.8,3.06,4.5,0.3,0.7,3.4,34.0,0.2,0.1,0.4,0.4,0.1,0.3,0.2,2.8,0.0,0.0,23.4,6.1,0.0,0.0,0.0,0.0,63578,0,0,0,0,3,BOX ELDER,2,East Box Elder County not WFRC,8,NA,17,NA,Elwood
3059,59,9.7,24.7,2.55,0.0,0.0,0.0,0.0,5.2,0.0,0.0,0.0,0.0,0.0,0.0,0.0,0.0,0.0,0.0,4.7,0.5,0.0,0.0,0.0,0.0,46238,0,0,0,0,3,BOX ELDER,2,East Box Elder County not WFRC,6,NA,12,NA,Elwood
3060,60,16.5,35.3,2.13,0.0,0.0,0.0,0.0,5.5,0.0,0.0,0.0,0.0,0.0,0.0,0.0,0.0,0.0,0.0,4.7,0.8,0.0,0.0,0.0,0.0,63578,0,0,0,0,3,BOX ELDER,2,East Box Elder County not WFRC,8,NA,17,NA,Elwood
3061,61,26.2,55.5,2.12,0.0,0.0,0.0,0.0,7.5,0.0,0.0,0.0,0.0,0.0,0.0,0.0,0.0,0.0,0.0,6.2,1.3,0.0,0.0,0.0,0.0,63578,0,0,0,0,3,BOX ELDER,2,East Box Elder County not WFRC,8,NA,17,NA,Elwood
3062,62,10.2,42.6,4.18,0.0,0.0,0.0,0.0,3.6,0.0,0.0,0.0,0.0,0.0,0.0,0.0,0.0,0.0,0.0,3.1,0.5,0.0,0.0,0.0,0.0,63578,0,0,0,0,3,BOX ELDER,2,East Box Elder County not WFRC,8,NA,17,NA,Elwood
3063,63,35.4,90.3,2.55,9.8,0.7,6.4,2.6,19.4,0.5,0.3,3.6,2.8,0.3,0.7,0.4,1.2,0.0,0.0,7.8,1.8,0.0,0.0,0.0,0.0,63578,0,0,0,0,3,BOX ELDER,2,East Box Elder County not WFRC,8,NA,17,NA,Elwood
3064,64,0.0,0.0,0.00,0.0,0.0,0.0,0.0,0.0,0.0,0.0,0.0,0.0,0.0,0.0,0.0,0.0,0.0,0.0,0.0,0.0,0.0,0.0,0.0,0.0,46238,0,0,0,0,3,BOX ELDER,2,East Box Elder County not WFRC,6,NA,13,NA,Elwood
3065,65,13.4,16.1,1.20,0.0,0.0,0.0,0.0,6.9,0.0,0.0,0.0,0.0,0.0,0.0,0.0,0.0,0.0,0.0,6.2,0.7,1.0,0.0,0.0,0.0,55022,0,0,0,0,3,BOX ELDER,2,East Box Elder County not WFRC,6,NA,12,NA,Deweyville
3066,66,34.9,63.7,1.83,7.6,0.5,2.9,4.2,15.6,0.3,0.2,0.6,2.3,0.2,0.5,0.3,3.1,0.0,0.0,6.2,1.8,0.0,0.0,0.0,0.0,55022,0,0,0,0,3,BOX ELDER,2,East Box Elder County not WFRC,6,NA,12,NA,Deweyville
3067,67,37.1,93.6,2.53,37.7,1.9,4.4,31.4,48.9,1.2,0.7,2.2,2.3,0.9,23.1,1.8,5.6,0.0,0.0,9.3,1.9,0.0,0.0,0.0,0.0,55022,0,0,0,0,3,BOX ELDER,2,East Box Elder County not WFRC,6,NA,12,NA,Deweyville
3068,68,35.8,94.7,2.64,0.0,0.0,0.0,0.0,11.1,0.0,0.0,0.0,0.0,0.0,0.0,0.0,0.0,0.0,0.0,9.3,1.8,0.0,0.0,0.0,0.0,55022,0,0,0,0,3,BOX ELDER,2,East Box Elder County not WFRC,6,NA,12,NA,Deweyville
3069,69,23.9,83.2,3.48,0.0,0.0,0.0,0.0,1.2,0.0,0.0,0.0,0.0,0.0,0.0,0.0,0.0,0.0,0.0,0.0,1.2,0.0,0.0,0.0,0.0,46238,0,0,0,0,3,BOX ELDER,2,East Box Elder County not WFRC,6,NA,12,NA,Deweyville
3070,70,28.3,74.8,2.64,0.0,0.0,0.0,0.0,9.3,0.0,0.0,0.0,0.0,0.0,0.0,0.0,0.0,0.0,0.0,7.8,1.5,0.0,0.0,0.0,0.0,55022,0,0,0,0,3,BOX ELDER,2,East Box Elder County not WFRC,6,NA,12,NA,Deweyville
3071,71,47.2,123.5,2.62,0.0,0.0,0.0,0.0,19.5,0.0,0.0,0.0,0.0,0.0,0.0,0.0,0.0,14.0,0.0,3.1,2.4,0.0,0.0,0.0,0.0,55022,0,0,0,0,3,BOX ELDER,2,East Box Elder County not WFRC,6,NA,12,NA,Deweyville
3072,72,0.0,0.0,0.00,0.0,0.0,0.0,0.0,0.0,0.0,0.0,0.0,0.0,0.0,0.0,0.0,0.0,0.0,0.0,0.0,0.0,0.0,0.0,0.0,0.0,55022,0,0,0,0,3,BOX ELDER,2,East Box Elder County not WFRC,6,NA,12,NA,Deweyville
3073,73,38.0,92.7,2.44,10.5,0.5,1.2,8.7,23.4,0.3,0.2,0.6,0.6,0.2,0.5,0.3,7.7,0.0,0.0,10.9,2.0,1.0,0.0,0.0,0.0,54957,0,0,0,0,3,BOX ELDER,2,East Box Elder County not WFRC,6,NA,12,NA,Deweyville
3074,74,183.9,582.5,3.17,2.1,0.0,0.0,2.1,84.8,0.0,0.0,0.0,0.0,0.0,0.0,0.0,2.1,0.0,0.0,73.2,9.4,0.0,0.0,0.0,0.0,55022,0,0,0,0,3,BOX ELDER,2,East Box Elder County not WFRC,6,NA,13,NA,Honeyville
3075,75,13.1,35.1,2.67,49.7,1.6,42.5,5.6,68.6,1.0,0.6,3.2,39.3,0.7,1.5,0.8,2.6,12.0,0.0,6.2,0.7,0.0,0.0,0.0,0.0,63578,0,0,0,0,3,BOX ELDER,2,East Box Elder County not WFRC,8,NA,17,NA,Honeyville
3076,76,12.2,34.8,2.84,10.8,0.0,0.0,10.7,12.9,0.0,0.0,0.0,0.0,0.0,0.0,6.0,4.7,0.0,0.0,1.6,0.6,0.0,0.0,0.0,0.0,54373,0,0,0,0,3,BOX ELDER,2,East Box Elder County not WFRC,6,NA,13,NA,Honeyville
3077,77,68.0,152.4,2.24,94.4,12.1,14.2,68.1,116.6,3.8,8.3,6.9,7.3,2.7,5.6,3.1,56.7,0.0,0.0,18.7,3.5,0.0,0.0,0.0,0.0,54373,0,0,0,0,3,BOX ELDER,2,East Box Elder County not WFRC,6,NA,13,NA,Honeyville
3078,78,122.3,146.8,1.20,2.1,0.0,0.0,2.1,56.7,0.0,0.0,0.0,0.0,0.0,0.0,0.0,2.1,0.0,0.0,48.3,6.3,0.0,0.0,0.0,0.0,55022,0,0,0,0,3,BOX ELDER,2,East Box Elder County not WFRC,6,NA,13,NA,Honeyville
3079,79,200.2,625.0,3.12,81.6,5.1,9.3,67.2,91.9,2.4,2.7,2.9,6.5,2.5,19.1,31.8,13.8,0.0,0.0,0.0,10.3,0.0,0.0,0.0,0.0,54376,0,0,0,0,3,BOX ELDER,2,East Box Elder County not WFRC,6,NA,13,NA,Honeyville
3080,80,14.3,30.1,2.11,1.3,0.0,1.3,0.0,5.1,0.0,0.0,0.0,1.3,0.0,0.0,0.0,0.0,0.0,0.0,3.1,0.7,0.0,0.0,0.0,0.0,63578,0,0,0,0,3,BOX ELDER,2,East Box Elder County not WFRC,8,NA,17,NA,Honeyville
3081,81,15.8,34.2,2.16,3.0,0.4,1.0,1.6,6.9,0.3,0.2,0.5,0.6,0.2,0.4,0.2,0.7,0.0,0.0,3.1,0.8,0.0,0.0,0.0,0.0,55022,0,0,0,0,3,BOX ELDER,2,East Box Elder County not WFRC,6,NA,13,NA,Honeyville
3082,82,31.8,99.3,3.13,10.1,0.5,1.1,8.5,21.0,0.3,0.2,0.5,0.6,0.2,0.4,0.2,7.6,0.0,0.0,9.3,1.6,0.0,0.0,0.0,0.0,55022,0,0,0,0,3,BOX ELDER,2,East Box Elder County not WFRC,6,NA,13,NA,Honeyville
3083,83,43.4,84.2,1.94,2.6,2.0,0.2,0.4,15.7,2.0,0.0,0.1,0.1,0.0,0.1,0.1,0.2,0.0,0.0,10.9,2.2,0.0,0.0,0.0,0.0,55022,0,0,0,0,3,BOX ELDER,2,East Box Elder County not WFRC,6,NA,13,NA,Honeyville
3084,84,34.5,116.1,3.37,40.8,5.8,11.9,23.0,53.5,4.0,1.8,5.5,6.4,2.4,4.7,2.6,13.4,0.0,0.0,10.9,1.8,0.0,0.0,0.0,0.0,55022,0,0,0,0,3,BOX ELDER,2,East Box Elder County not WFRC,6,NA,13,NA,Honeyville
3085,85,59.6,181.5,3.04,14.6,0.0,0.1,14.5,23.9,0.0,0.0,0.0,0.0,0.0,11.9,0.0,2.5,0.0,0.0,6.2,3.1,0.0,0.0,0.0,0.0,55022,0,0,0,0,3,BOX ELDER,2,East Box Elder County not WFRC,6,NA,13,NA,Honeyville
3086,86,0.0,0.0,0.00,0.0,0.0,0.0,0.0,0.0,0.0,0.0,0.0,0.0,0.0,0.0,0.0,0.0,0.0,0.0,0.0,0.0,0.0,0.0,0.0,0.0,55022,0,0,0,0,3,BOX ELDER,2,East Box Elder County not WFRC,6,NA,14,NA,Honeyville
3087,87,16.7,44.7,2.67,3.8,0.0,3.8,0.0,7.8,0.0,0.0,3.8,0.0,0.0,0.0,0.0,0.0,0.0,0.0,3.1,0.9,0.0,0.0,0.0,0.0,55022,0,0,0,0,3,BOX ELDER,2,East Box Elder County not WFRC,6,NA,14,NA,Honeyville
3088,88,140.1,408.4,2.92,5.6,0.3,1.5,3.8,75.2,0.2,0.1,1.2,0.3,0.1,3.1,0.1,0.4,49.9,0.0,12.5,7.2,0.0,0.0,0.0,0.0,63578,466,0,0,0,3,BOX ELDER,2,East Box Elder County not WFRC,8,NA,17,NA,Bear River City
3089,89,145.2,427.1,2.94,10.4,0.4,6.7,3.2,35.0,0.3,0.2,4.2,2.5,1.0,0.4,1.1,0.7,0.0,0.0,17.1,7.5,0.0,0.0,0.0,0.0,63578,0,0,0,0,3,BOX ELDER,2,East Box Elder County not WFRC,8,NA,17,NA,Bear River City
3090,90,38.8,75.1,1.93,0.0,0.0,0.0,0.0,12.9,0.0,0.0,0.0,0.0,0.0,0.0,0.0,0.0,0.0,0.0,10.9,2.0,0.0,0.0,0.0,0.0,63578,0,0,0,0,3,BOX ELDER,2,East Box Elder County not WFRC,8,NA,17,NA,Bear River City
3091,91,88.2,187.2,2.12,0.8,0.0,0.1,0.7,24.0,0.0,0.0,0.0,0.0,0.6,0.0,0.0,0.0,0.0,0.0,18.7,4.5,0.0,0.0,0.0,0.0,63578,0,0,0,0,3,BOX ELDER,2,East Box Elder County not WFRC,8,NA,17,NA,Bear River City
3092,92,0.0,0.0,0.00,1008.4,0.0,1006.9,1.5,1008.4,0.0,0.0,0.0,1006.9,1.5,0.0,0.0,0.0,0.0,0.0,0.0,0.0,0.0,0.0,0.0,0.0,46112,0,0,0,0,3,BOX ELDER,2,East Box Elder County not WFRC,8,NA,18,NA,Corinne
3093,93,0.0,0.0,0.00,217.6,30.6,74.2,112.8,223.9,19.5,11.1,34.0,40.2,15.0,28.9,16.3,52.6,0.0,0.0,6.2,0.0,0.0,0.0,0.0,0.0,46112,0,0,0,0,3,BOX ELDER,2,East Box Elder County not WFRC,8,NA,18,NA,Corinne
3094,94,42.1,73.4,1.74,499.5,54.9,259.0,185.6,504.8,35.1,19.8,129.5,129.5,22.6,50.1,28.1,84.9,0.0,0.0,3.1,2.2,0.0,0.0,0.0,0.0,46112,0,0,0,0,3,BOX ELDER,2,East Box Elder County not WFRC,8,NA,18,NA,Corinne
3095,95,73.1,168.3,2.30,198.2,41.4,66.4,90.4,202.0,27.0,14.4,34.6,31.8,11.0,24.4,13.7,41.3,0.0,0.0,0.0,3.8,0.0,0.0,0.0,0.0,46112,0,0,0,0,3,BOX ELDER,2,East Box Elder County not WFRC,8,NA,18,NA,Corinne
3096,96,70.8,266.5,3.76,0.0,0.0,0.0,0.0,9.8,0.0,0.0,0.0,0.0,0.0,0.0,0.0,0.0,0.0,0.0,6.2,3.6,0.0,0.0,0.0,0.0,46112,0,0,0,0,3,BOX ELDER,2,East Box Elder County not WFRC,9,NA,19,NA,Corinne
3097,97,116.1,285.4,2.46,115.6,4.6,19.5,91.5,121.6,2.9,1.7,5.4,14.1,3.4,63.8,2.4,22.0,0.0,0.0,0.0,6.0,0.0,0.0,0.0,0.0,46112,0,0,0,0,3,BOX ELDER,2,East Box Elder County not WFRC,8,NA,18,NA,Corinne
3098,98,58.6,137.5,2.34,5.0,0.4,0.9,3.7,15.8,0.3,0.1,0.5,0.4,0.2,0.4,0.2,3.0,0.0,0.0,7.8,3.0,0.0,0.0,0.0,0.0,46112,0,0,0,0,3,BOX ELDER,2,East Box Elder County not WFRC,9,NA,19,NA,Corinne
3099,99,34.9,61.9,1.78,10.0,1.2,4.6,4.2,13.3,0.8,0.4,1.5,3.1,0.5,1.1,0.6,1.9,0.0,0.0,1.6,1.8,0.0,0.0,0.0,0.0,46112,0,0,0,0,3,BOX ELDER,2,East Box Elder County not WFRC,9,NA,19,NA,Corinne
3162,100,430.9,1100.0,2.55,75.1,6.9,13.4,54.8,165.8,4.8,2.2,4.0,9.4,2.9,33.0,3.4,15.4,0.0,0.0,68.6,22.1,0.0,0.0,0.0,0.0,60376,0,0,0,0,3,BOX ELDER,2,East Box Elder County not WFRC,5,"Mantua, East Mountain",25,NA,Mantua
3208,101,18.4,34.5,1.87,3.5,0.1,0.3,3.1,4.4,0.1,0.0,0.1,0.1,0.0,2.8,0.1,0.2,0.0,0.0,0.0,0.9,49.0,0.0,0.0,0.0,42202,11,2,1,0,3,BOX ELDER,3,West Box Elder County,14,NA,1,NA,Balance of Box Elder County
3209,102,48.9,131.9,2.70,9.3,1.1,0.5,7.7,13.4,1.1,0.1,0.3,0.3,0.1,7.1,0.1,0.4,0.0,0.0,1.6,2.5,31.0,0.0,0.0,0.0,42202,24,8,3,0,3,BOX ELDER,3,West Box Elder County,14,NA,1,NA,Balance of Box Elder County
3210,103,2.2,5.5,2.52,0.0,0.0,0.0,0.0,0.1,0.0,0.0,0.0,0.0,0.0,0.0,0.0,0.0,0.0,0.0,0.0,0.1,1.0,0.0,0.0,0.0,42202,0,0,0,0,3,BOX ELDER,3,West Box Elder County,13,NA,3,NA,Balance of Box Elder County
3211,104,6.4,11.0,1.71,0.0,0.0,0.0,0.0,1.9,0.0,0.0,0.0,0.0,0.0,0.0,0.0,0.0,0.0,0.0,1.6,0.3,4.0,0.0,0.0,0.0,42202,0,0,0,0,3,BOX ELDER,3,West Box Elder County,13,NA,3,NA,Balance of Box Elder County
3212,105,6.0,9.3,1.55,0.0,0.0,0.0,0.0,38.3,0.0,0.0,0.0,0.0,0.0,0.0,0.0,0.0,38.0,0.0,0.0,0.3,1.0,0.0,0.0,0.0,42202,0,0,0,0,3,BOX ELDER,3,West Box Elder County,13,NA,3,NA,Balance of Box Elder County
3213,106,7.5,10.6,1.41,0.0,0.0,0.0,0.0,2.0,0.0,0.0,0.0,0.0,0.0,0.0,0.0,0.0,0.0,0.0,1.6,0.4,1.0,0.0,0.0,0.0,42202,0,0,0,0,3,BOX ELDER,3,West Box Elder County,12,NA,6,NA,Balance of Box Elder County
3214,107,11.5,29.0,2.52,1.3,0.0,1.3,0.0,3.5,0.0,0.0,0.0,1.3,0.0,0.0,0.0,0.0,0.0,0.0,1.6,0.6,3.0,0.0,0.0,0.0,44384,0,0,0,0,3,BOX ELDER,3,West Box Elder County,12,NA,6,NA,Balance of Box Elder County
3215,108,0.0,0.0,0.00,4.0,4.0,0.0,0.0,4.0,4.0,0.0,0.0,0.0,0.0,0.0,0.0,0.0,0.0,0.0,0.0,0.0,3.0,0.0,0.0,0.0,54204,0,0,0,0,3,BOX ELDER,3,West Box Elder County,12,NA,6,NA,Balance of Box Elder County
3216,109,2.3,3.6,1.55,0.0,0.0,0.0,0.0,0.1,0.0,0.0,0.0,0.0,0.0,0.0,0.0,0.0,0.0,0.0,0.0,0.1,12.0,0.0,0.0,0.0,54204,0,0,0,0,3,BOX ELDER,3,West Box Elder County,12,NA,6,NA,Balance of Box Elder County
3217,110,0.0,0.0,0.00,0.0,0.0,0.0,0.0,0.0,0.0,0.0,0.0,0.0,0.0,0.0,0.0,0.0,0.0,0.0,0.0,0.0,0.0,0.0,0.0,0.0,53540,0,0,0,0,3,BOX ELDER,3,West Box Elder County,12,NA,6,NA,Balance of Box Elder County
3218,111,2.3,5.8,2.52,0.0,0.0,0.0,0.0,0.1,0.0,0.0,0.0,0.0,0.0,0.0,0.0,0.0,0.0,0.0,0.0,0.1,1.0,0.0,0.0,0.0,53540,0,0,0,0,3,BOX ELDER,3,West Box Elder County,12,NA,6,NA,Balance of Box Elder County
3219,112,2.0,2.4,1.20,0.0,0.0,0.0,0.0,0.1,0.0,0.0,0.0,0.0,0.0,0.0,0.0,0.0,0.0,0.0,0.0,0.1,0.0,0.0,0.0,0.0,53540,0,0,0,0,3,BOX ELDER,2,East Box Elder County not WFRC,11,NA,7,NA,Balance of Box Elder County
3220,113,11.6,43.8,3.77,0.0,0.0,0.0,0.0,3.7,0.0,0.0,0.0,0.0,0.0,0.0,0.0,0.0,0.0,0.0,3.1,0.6,0.0,0.0,0.0,0.0,53540,0,0,0,0,3,BOX ELDER,2,East Box Elder County not WFRC,11,NA,7,NA,Balance of Box Elder County
3221,114,4.6,5.6,1.20,0.0,0.0,0.0,0.0,1.8,0.0,0.0,0.0,0.0,0.0,0.0,0.0,0.0,0.0,0.0,1.6,0.2,0.0,0.0,0.0,0.0,53540,0,0,0,0,3,BOX ELDER,2,East Box Elder County not WFRC,11,NA,7,NA,Balance of Box Elder County
3222,115,3.3,38.5,11.51,0.0,0.0,0.0,0.0,8.2,0.0,0.0,0.0,0.0,0.0,0.0,0.0,0.0,8.0,0.0,0.0,0.2,0.0,0.0,0.0,0.0,53540,0,0,0,0,3,BOX ELDER,2,East Box Elder County not WFRC,11,NA,7,NA,Balance of Box Elder County
3223,116,0.0,0.0,0.00,0.0,0.0,0.0,0.0,0.0,0.0,0.0,0.0,0.0,0.0,0.0,0.0,0.0,0.0,0.0,0.0,0.0,0.0,0.0,0.0,0.0,53540,0,0,0,0,3,BOX ELDER,2,East Box Elder County not WFRC,11,NA,7,NA,Balance of Box Elder County
3224,117,7.3,25.3,3.48,48.8,3.7,32.0,13.1,71.9,2.4,1.3,25.4,6.6,1.7,3.4,1.9,6.1,18.0,0.0,4.7,0.4,0.0,0.0,0.0,0.0,53540,0,0,0,0,3,BOX ELDER,2,East Box Elder County not WFRC,11,NA,7,NA,Balance of Box Elder County
3225,118,0.0,0.0,0.00,0.0,0.0,0.0,0.0,0.0,0.0,0.0,0.0,0.0,0.0,0.0,0.0,0.0,0.0,0.0,0.0,0.0,0.0,0.0,0.0,0.0,53540,0,0,0,0,3,BOX ELDER,2,East Box Elder County not WFRC,11,NA,7,NA,Balance of Box Elder County
3226,119,5.4,10.5,1.94,0.0,0.0,0.0,0.0,1.9,0.0,0.0,0.0,0.0,0.0,0.0,0.0,0.0,0.0,0.0,1.6,0.3,0.0,0.0,0.0,0.0,53540,0,0,0,0,3,BOX ELDER,2,East Box Elder County not WFRC,11,NA,7,NA,Balance of Box Elder County
3227,120,1.3,2.1,1.55,0.0,0.0,0.0,0.0,0.1,0.0,0.0,0.0,0.0,0.0,0.0,0.0,0.0,0.0,0.0,0.0,0.1,0.0,0.0,0.0,0.0,53540,0,0,0,0,3,BOX ELDER,2,East Box Elder County not WFRC,11,NA,7,NA,Balance of Box Elder County
3228,121,0.0,0.0,0.00,0.0,0.0,0.0,0.0,0.0,0.0,0.0,0.0,0.0,0.0,0.0,0.0,0.0,0.0,0.0,0.0,0.0,1.0,0.0,0.0,0.0,53540,0,0,0,0,3,BOX ELDER,2,East Box Elder County not WFRC,11,NA,7,NA,Balance of Box Elder County
3229,122,2.4,6.1,2.52,0.0,0.0,0.0,0.0,3.2,0.0,0.0,0.0,0.0,0.0,0.0,0.0,0.0,0.0,0.0,3.1,0.1,1.0,0.0,0.0,0.0,53540,0,0,0,0,3,BOX ELDER,2,East Box Elder County not WFRC,11,NA,7,NA,Balance of Box Elder County
3230,123,24.6,47.2,1.91,0.0,0.0,0.0,0.0,5.2,0.0,0.0,0.0,0.0,0.0,0.0,0.0,0.0,0.0,2.3,1.6,1.3,42.0,0.0,0.0,0.0,42202,0,0,0,0,3,BOX ELDER,3,West Box Elder County,14,NA,1,NA,Balance of Box Elder County
3231,124,28.5,98.3,3.44,0.0,0.0,0.0,0.0,18.6,0.0,0.0,0.0,0.0,0.0,0.0,0.0,0.0,0.0,14.0,3.1,1.5,31.0,0.0,0.0,0.0,42202,0,0,0,0,3,BOX ELDER,3,West Box Elder County,14,NA,2,NA,Balance of Box Elder County
3232,125,2.3,9.2,3.96,0.0,0.0,0.0,0.0,0.1,0.0,0.0,0.0,0.0,0.0,0.0,0.0,0.0,0.0,0.0,0.0,0.1,0.0,0.0,0.0,0.0,42202,0,0,0,0,3,BOX ELDER,3,West Box Elder County,13,NA,3,NA,Balance of Box Elder County
3233,126,11.5,39.1,3.39,0.0,0.0,0.0,0.0,2.2,0.0,0.0,0.0,0.0,0.0,0.0,0.0,0.0,0.0,0.0,1.6,0.6,1.0,0.0,0.0,0.0,42202,0,0,0,0,3,BOX ELDER,3,West Box Elder County,13,NA,3,NA,Balance of Box Elder County
3234,127,5.4,15.7,2.90,0.0,0.0,0.0,0.0,1.9,0.0,0.0,0.0,0.0,0.0,0.0,0.0,0.0,0.0,0.0,1.6,0.3,0.0,0.0,0.0,0.0,46112,0,0,0,0,3,BOX ELDER,2,East Box Elder County not WFRC,9,NA,19,NA,Balance of Box Elder County
3235,128,0.0,0.0,0.00,0.0,0.0,0.0,0.0,0.0,0.0,0.0,0.0,0.0,0.0,0.0,0.0,0.0,0.0,0.0,0.0,0.0,3.0,0.0,0.0,0.0,42202,0,0,0,0,3,BOX ELDER,3,West Box Elder County,13,NA,3,NA,Balance of Box Elder County
3236,129,0.0,0.0,0.00,0.0,0.0,0.0,0.0,0.0,0.0,0.0,0.0,0.0,0.0,0.0,0.0,0.0,0.0,0.0,0.0,0.0,3.0,0.0,0.0,0.0,42202,0,0,0,0,3,BOX ELDER,3,West Box Elder County,13,NA,3,NA,Balance of Box Elder County
3237,130,2.3,3.6,1.55,0.0,0.0,0.0,0.0,0.1,0.0,0.0,0.0,0.0,0.0,0.0,0.0,0.0,0.0,0.0,0.0,0.1,1.0,0.0,0.0,0.0,54204,0,0,0,0,3,BOX ELDER,3,West Box Elder County,13,NA,3,NA,Balance of Box Elder County
3238,131,2.3,4.7,2.03,0.0,0.0,0.0,0.0,0.1,0.0,0.0,0.0,0.0,0.0,0.0,0.0,0.0,0.0,0.0,0.0,0.1,1.0,0.0,0.0,0.0,54204,0,0,0,0,3,BOX ELDER,3,West Box Elder County,13,NA,3,NA,Balance of Box Elder County
3239,132,0.0,0.0,0.00,0.0,0.0,0.0,0.0,0.0,0.0,0.0,0.0,0.0,0.0,0.0,0.0,0.0,0.0,0.0,0.0,0.0,0.0,0.0,0.0,0.0,54204,0,0,0,0,3,BOX ELDER,3,West Box Elder County,12,NA,6,NA,Balance of Box Elder County
3240,133,0.0,0.0,0.00,0.0,0.0,0.0,0.0,0.0,0.0,0.0,0.0,0.0,0.0,0.0,0.0,0.0,0.0,0.0,0.0,0.0,2.0,0.0,0.0,0.0,53540,0,0,0,0,3,BOX ELDER,3,West Box Elder County,12,NA,6,NA,Balance of Box Elder County
3241,134,0.0,0.0,0.00,0.0,0.0,0.0,0.0,0.0,0.0,0.0,0.0,0.0,0.0,0.0,0.0,0.0,0.0,0.0,0.0,0.0,0.0,0.0,0.0,0.0,53540,0,0,0,0,3,BOX ELDER,3,West Box Elder County,12,NA,6,NA,Balance of Box Elder County
3242,135,0.0,0.0,0.00,0.0,0.0,0.0,0.0,0.0,0.0,0.0,0.0,0.0,0.0,0.0,0.0,0.0,0.0,0.0,0.0,0.0,0.0,0.0,0.0,0.0,53540,0,0,0,0,3,BOX ELDER,2,East Box Elder County not WFRC,11,NA,7,NA,Balance of Box Elder County
3243,136,0.0,0.0,0.00,386.5,6.1,358.6,21.8,388.0,3.9,2.2,248.3,110.3,2.8,5.7,3.2,10.1,0.0,0.0,1.6,0.0,0.0,0.0,0.0,0.0,53540,0,0,0,0,3,BOX ELDER,2,East Box Elder County not WFRC,11,NA,7,NA,Balance of Box Elder County
3244,137,0.0,0.0,0.00,0.0,0.0,0.0,0.0,0.0,0.0,0.0,0.0,0.0,0.0,0.0,0.0,0.0,0.0,0.0,0.0,0.0,0.0,0.0,0.0,0.0,53540,0,0,0,0,3,BOX ELDER,2,East Box Elder County not WFRC,11,NA,7,NA,Balance of Box Elder County
3245,138,0.0,0.0,0.00,0.0,0.0,0.0,0.0,0.0,0.0,0.0,0.0,0.0,0.0,0.0,0.0,0.0,0.0,0.0,0.0,0.0,0.0,0.0,0.0,0.0,53540,0,0,0,0,3,BOX ELDER,2,East Box Elder County not WFRC,11,NA,7,NA,Balance of Box Elder County
3246,139,10.3,28.3,2.76,22.2,8.8,13.0,0.4,27.4,8.7,0.0,0.1,12.9,0.1,0.1,0.1,0.2,0.0,0.0,4.7,0.5,0.0,0.0,0.0,0.0,53540,0,0,0,0,3,BOX ELDER,2,East Box Elder County not WFRC,11,NA,7,NA,Balance of Box Elder County
3247,140,0.0,0.0,0.00,0.0,0.0,0.0,0.0,0.0,0.0,0.0,0.0,0.0,0.0,0.0,0.0,0.0,0.0,0.0,0.0,0.0,0.0,0.0,0.0,0.0,53540,0,0,0,0,3,BOX ELDER,2,East Box Elder County not WFRC,11,NA,7,NA,Balance of Box Elder County
3248,141,0.0,0.0,0.00,0.0,0.0,0.0,0.0,0.0,0.0,0.0,0.0,0.0,0.0,0.0,0.0,0.0,0.0,0.0,0.0,0.0,0.0,0.0,0.0,0.0,53540,0,0,0,0,3,BOX ELDER,2,East Box Elder County not WFRC,11,NA,8,NA,Balance of Box Elder County
3249,142,0.0,0.0,0.00,0.0,0.0,0.0,0.0,0.0,0.0,0.0,0.0,0.0,0.0,0.0,0.0,0.0,0.0,0.0,0.0,0.0,0.0,0.0,0.0,0.0,53540,0,0,0,0,3,BOX ELDER,2,East Box Elder County not WFRC,11,NA,8,NA,Balance of Box Elder County
3250,143,0.0,0.0,0.00,0.0,0.0,0.0,0.0,0.0,0.0,0.0,0.0,0.0,0.0,0.0,0.0,0.0,0.0,0.0,0.0,0.0,0.0,0.0,0.0,0.0,53540,0,0,0,0,3,BOX ELDER,2,East Box Elder County not WFRC,11,NA,8,NA,Balance of Box Elder County
3251,144,3.0,9.1,3.00,0.0,0.0,0.0,0.0,1.8,0.0,0.0,0.0,0.0,0.0,0.0,0.0,0.0,0.0,0.0,1.6,0.2,0.0,0.0,0.0,0.0,53540,0,0,0,0,3,BOX ELDER,2,East Box Elder County not WFRC,11,NA,8,NA,Balance of Box Elder County
3252,145,6.0,7.2,1.20,0.0,0.0,0.0,0.0,5.0,0.0,0.0,0.0,0.0,0.0,0.0,0.0,0.0,0.0,0.0,4.7,0.3,0.0,0.0,0.0,0.0,53540,0,0,0,0,3,BOX ELDER,2,East Box Elder County not WFRC,11,NA,8,NA,Balance of Box Elder County
3253,146,0.0,0.0,0.00,0.0,0.0,0.0,0.0,0.0,0.0,0.0,0.0,0.0,0.0,0.0,0.0,0.0,0.0,0.0,0.0,0.0,0.0,0.0,0.0,0.0,53540,0,0,0,0,3,BOX ELDER,2,East Box Elder County not WFRC,11,NA,8,NA,Balance of Box Elder County
3254,147,0.0,0.0,0.00,0.0,0.0,0.0,0.0,0.0,0.0,0.0,0.0,0.0,0.0,0.0,0.0,0.0,0.0,0.0,0.0,0.0,0.0,0.0,0.0,0.0,53540,0,0,0,0,3,BOX ELDER,2,East Box Elder County not WFRC,11,NA,8,NA,Balance of Box Elder County
3255,148,0.0,0.0,0.00,0.0,0.0,0.0,0.0,0.0,0.0,0.0,0.0,0.0,0.0,0.0,0.0,0.0,0.0,0.0,0.0,0.0,0.0,0.0,0.0,0.0,53540,0,0,0,0,3,BOX ELDER,2,East Box Elder County not WFRC,11,NA,8,NA,Balance of Box Elder County
3256,149,0.0,0.0,0.00,0.0,0.0,0.0,0.0,0.0,0.0,0.0,0.0,0.0,0.0,0.0,0.0,0.0,0.0,0.0,0.0,0.0,1.0,0.0,0.0,0.0,53540,0,0,0,0,3,BOX ELDER,2,East Box Elder County not WFRC,11,NA,8,NA,Balance of Box Elder County
3257,150,0.0,0.0,0.00,0.0,0.0,0.0,0.0,0.0,0.0,0.0,0.0,0.0,0.0,0.0,0.0,0.0,0.0,0.0,0.0,0.0,0.0,0.0,0.0,0.0,53540,0,0,0,0,3,BOX ELDER,2,East Box Elder County not WFRC,11,NA,8,NA,Balance of Box Elder County
3258,151,0.0,0.0,0.00,0.0,0.0,0.0,0.0,0.0,0.0,0.0,0.0,0.0,0.0,0.0,0.0,0.0,0.0,0.0,0.0,0.0,0.0,0.0,0.0,0.0,53540,0,0,0,0,3,BOX ELDER,2,East Box Elder County not WFRC,11,NA,8,NA,Balance of Box Elder County
3259,152,0.0,0.0,0.00,0.0,0.0,0.0,0.0,0.0,0.0,0.0,0.0,0.0,0.0,0.0,0.0,0.0,0.0,0.0,0.0,0.0,0.0,0.0,0.0,0.0,53540,0,0,0,0,3,BOX ELDER,3,West Box Elder County,12,NA,6,NA,Balance of Box Elder County
3260,153,0.0,0.0,0.00,0.0,0.0,0.0,0.0,0.0,0.0,0.0,0.0,0.0,0.0,0.0,0.0,0.0,0.0,0.0,0.0,0.0,0.0,0.0,0.0,0.0,53540,0,0,0,0,3,BOX ELDER,2,East Box Elder County not WFRC,11,NA,8,NA,Balance of Box Elder County
3261,154,29.1,94.0,3.23,0.0,0.0,0.0,0.0,6.2,0.0,0.0,0.0,0.0,0.0,0.0,0.0,0.0,0.0,0.0,4.7,1.5,0.0,0.0,0.0,0.0,53540,0,0,0,0,3,BOX ELDER,2,East Box Elder County not WFRC,11,NA,8,NA,Balance of Box Elder County
3262,155,0.0,0.0,0.00,0.0,0.0,0.0,0.0,0.0,0.0,0.0,0.0,0.0,0.0,0.0,0.0,0.0,0.0,0.0,0.0,0.0,0.0,0.0,0.0,0.0,53540,0,0,0,0,3,BOX ELDER,2,East Box Elder County not WFRC,11,NA,8,NA,Balance of Box Elder County
3263,156,10.3,22.1,2.16,0.0,0.0,0.0,0.0,5.2,0.0,0.0,0.0,0.0,0.0,0.0,0.0,0.0,0.0,0.0,4.7,0.5,1.0,0.0,0.0,0.0,53540,0,0,0,0,3,BOX ELDER,2,East Box Elder County not WFRC,11,NA,8,NA,Balance of Box Elder County
3264,157,24.1,56.5,2.34,0.0,0.0,0.0,0.0,5.9,0.0,0.0,0.0,0.0,0.0,0.0,0.0,0.0,0.0,0.0,4.7,1.2,0.0,0.0,0.0,0.0,53540,0,0,0,0,3,BOX ELDER,2,East Box Elder County not WFRC,11,NA,8,NA,Balance of Box Elder County
3265,158,0.0,0.0,0.00,0.0,0.0,0.0,0.0,0.0,0.0,0.0,0.0,0.0,0.0,0.0,0.0,0.0,0.0,0.0,0.0,0.0,0.0,0.0,0.0,0.0,53540,0,0,0,0,3,BOX ELDER,2,East Box Elder County not WFRC,11,NA,8,NA,Balance of Box Elder County
3266,159,0.0,0.0,0.00,0.0,0.0,0.0,0.0,0.0,0.0,0.0,0.0,0.0,0.0,0.0,0.0,0.0,0.0,0.0,0.0,0.0,0.0,0.0,0.0,0.0,53540,0,0,0,0,3,BOX ELDER,2,East Box Elder County not WFRC,11,NA,8,NA,Balance of Box Elder County
3267,160,13.6,45.3,3.32,0.0,0.0,0.0,0.0,11.8,0.0,0.0,0.0,0.0,0.0,0.0,0.0,0.0,8.0,0.0,3.1,0.7,0.0,0.0,0.0,0.0,53540,0,0,0,0,3,BOX ELDER,2,East Box Elder County not WFRC,11,NA,8,NA,Balance of Box Elder County
3268,161,31.4,99.8,3.18,3.4,0.0,1.4,2.0,9.7,0.0,0.0,0.0,1.4,0.0,0.0,0.0,2.0,0.0,0.0,4.7,1.6,0.0,0.0,0.0,0.0,56865,0,0,0,0,3,BOX ELDER,2,East Box Elder County not WFRC,11,NA,8,NA,Balance of Box Elder County
3269,162,9.6,34.6,3.60,0.0,0.0,0.0,0.0,3.6,0.0,0.0,0.0,0.0,0.0,0.0,0.0,0.0,0.0,0.0,3.1,0.5,0.0,0.0,0.0,0.0,56865,0,0,0,0,3,BOX ELDER,2,East Box Elder County not WFRC,11,NA,8,NA,Balance of Box Elder County
3270,163,35.2,98.2,2.79,0.0,0.0,0.0,0.0,1.8,0.0,0.0,0.0,0.0,0.0,0.0,0.0,0.0,0.0,0.0,0.0,1.8,0.0,0.0,0.0,0.0,56865,0,0,0,0,3,BOX ELDER,2,East Box Elder County not WFRC,11,NA,8,NA,Balance of Box Elder County
3271,164,16.7,32.4,1.94,0.0,0.0,0.0,0.0,24.0,0.0,0.0,0.0,0.0,0.0,0.0,0.0,0.0,20.0,0.0,3.1,0.9,0.0,0.0,0.0,0.0,56865,0,0,0,0,3,BOX ELDER,2,East Box Elder County not WFRC,11,NA,8,NA,Balance of Box Elder County
3272,165,2.8,9.7,3.48,0.0,0.0,0.0,0.0,3.2,0.0,0.0,0.0,0.0,0.0,0.0,0.0,0.0,0.0,0.0,3.1,0.1,0.0,0.0,0.0,0.0,56865,0,0,0,0,3,BOX ELDER,2,East Box Elder County not WFRC,11,NA,8,NA,Balance of Box Elder County
3273,166,2.8,12.4,4.44,0.0,0.0,0.0,0.0,3.2,0.0,0.0,0.0,0.0,0.0,0.0,0.0,0.0,0.0,0.0,3.1,0.1,0.0,0.0,0.0,0.0,56865,0,0,0,0,3,BOX ELDER,2,East Box Elder County not WFRC,11,NA,8,NA,Balance of Box Elder County
3274,167,6.6,15.4,2.32,0.0,0.0,0.0,0.0,3.4,0.0,0.0,0.0,0.0,0.0,0.0,0.0,0.0,0.0,0.0,3.1,0.3,0.0,0.0,0.0,0.0,56865,0,0,0,0,3,BOX ELDER,2,East Box Elder County not WFRC,11,NA,8,NA,Balance of Box Elder County
3275,168,48.7,129.4,2.65,2.1,0.0,0.0,2.1,7.8,0.0,0.0,0.0,0.0,0.0,0.0,0.0,2.1,0.0,0.0,3.1,2.5,0.0,0.0,0.0,0.0,56865,0,0,0,0,3,BOX ELDER,2,East Box Elder County not WFRC,11,NA,8,NA,Balance of Box Elder County
3276,169,0.0,0.0,0.00,0.0,0.0,0.0,0.0,0.0,0.0,0.0,0.0,0.0,0.0,0.0,0.0,0.0,0.0,0.0,0.0,0.0,3.0,0.0,0.0,0.0,54204,0,0,0,0,3,BOX ELDER,3,West Box Elder County,12,NA,5,NA,Balance of Box Elder County
3277,170,13.1,35.1,2.68,0.0,0.0,0.0,0.0,2.3,0.0,0.0,0.0,0.0,0.0,0.0,0.0,0.0,0.0,0.0,1.6,0.7,2.0,0.0,0.0,0.0,54204,0,0,0,0,3,BOX ELDER,3,West Box Elder County,12,NA,5,NA,Balance of Box Elder County
3278,171,23.6,79.7,3.37,64.0,2.7,17.3,44.0,140.6,1.7,1.0,3.0,14.3,1.2,6.0,1.4,35.4,73.9,0.0,1.6,1.2,0.0,0.0,0.0,0.0,54204,0,0,0,0,3,BOX ELDER,2,East Box Elder County not WFRC,8,NA,16,NA,Balance of Box Elder County
3279,172,0.0,0.0,0.00,0.0,0.0,0.0,0.0,0.0,0.0,0.0,0.0,0.0,0.0,0.0,0.0,0.0,0.0,0.0,0.0,0.0,0.0,0.0,0.0,0.0,53540,0,0,0,0,3,BOX ELDER,3,West Box Elder County,12,NA,6,NA,Balance of Box Elder County
3280,173,0.0,0.0,0.00,0.0,0.0,0.0,0.0,0.0,0.0,0.0,0.0,0.0,0.0,0.0,0.0,0.0,0.0,0.0,0.0,0.0,0.0,0.0,0.0,0.0,53540,0,0,0,0,3,BOX ELDER,3,West Box Elder County,12,NA,6,NA,Balance of Box Elder County
3281,174,35.5,91.4,2.58,8.1,0.0,0.0,8.1,14.6,0.0,0.0,0.0,0.0,0.7,5.1,0.0,2.4,0.0,0.0,4.7,1.8,0.0,0.0,0.0,0.0,53540,0,0,0,0,3,BOX ELDER,2,East Box Elder County not WFRC,11,NA,8,NA,Balance of Box Elder County
3282,175,27.0,70.1,2.59,9.1,0.6,1.5,6.9,37.1,0.4,0.2,0.7,0.8,0.3,0.6,0.3,5.7,22.0,0.0,4.7,1.4,0.0,0.0,0.0,0.0,56865,0,0,0,0,3,BOX ELDER,2,East Box Elder County not WFRC,11,NA,8,NA,Balance of Box Elder County
3283,176,30.3,83.6,2.76,3.8,0.3,2.3,1.2,20.1,0.2,0.1,0.4,2.0,0.2,0.3,0.2,0.5,10.0,0.0,4.7,1.6,0.0,0.0,0.0,0.0,56865,0,0,0,0,3,BOX ELDER,2,East Box Elder County not WFRC,11,NA,8,NA,Balance of Box Elder County
3284,177,22.9,55.5,2.42,1.0,1.0,0.0,0.0,6.9,1.0,0.0,0.0,0.0,0.0,0.0,0.0,0.0,0.0,0.0,4.7,1.2,0.0,0.0,0.0,0.0,56865,0,0,0,0,3,BOX ELDER,2,East Box Elder County not WFRC,11,NA,8,NA,Balance of Box Elder County
3285,178,14.6,39.0,2.66,1.3,0.0,1.3,0.0,5.2,0.0,0.0,0.0,1.3,0.0,0.0,0.0,0.0,0.0,0.0,3.1,0.8,0.0,0.0,0.0,0.0,56865,0,0,0,0,3,BOX ELDER,2,East Box Elder County not WFRC,11,NA,8,NA,Balance of Box Elder County
3286,179,9.6,19.5,2.03,1.1,0.0,0.0,1.1,4.7,0.0,0.0,0.0,0.0,1.1,0.0,0.0,0.0,0.0,0.0,3.1,0.5,0.0,0.0,0.0,0.0,56865,0,0,0,0,3,BOX ELDER,2,East Box Elder County not WFRC,11,NA,8,NA,Balance of Box Elder County
3287,180,12.6,37.3,2.95,0.0,0.0,0.0,0.0,3.7,0.0,0.0,0.0,0.0,0.0,0.0,0.0,0.0,0.0,0.0,3.1,0.6,0.0,0.0,0.0,0.0,56865,0,0,0,0,3,BOX ELDER,2,East Box Elder County not WFRC,11,NA,8,NA,Balance of Box Elder County
3288,181,0.0,0.0,0.00,0.0,0.0,0.0,0.0,0.0,0.0,0.0,0.0,0.0,0.0,0.0,0.0,0.0,0.0,0.0,0.0,0.0,0.0,0.0,0.0,0.0,56865,0,0,0,0,3,BOX ELDER,2,East Box Elder County not WFRC,11,NA,8,NA,Balance of Box Elder County
3289,182,0.0,0.0,0.00,0.0,0.0,0.0,0.0,0.0,0.0,0.0,0.0,0.0,0.0,0.0,0.0,0.0,0.0,0.0,0.0,0.0,0.0,0.0,0.0,0.0,56865,0,0,0,0,3,BOX ELDER,2,East Box Elder County not WFRC,11,NA,8,NA,Balance of Box Elder County
3290,183,31.9,52.8,1.66,15.5,0.8,8.8,5.9,24.9,0.0,0.8,0.1,8.7,0.6,1.1,0.0,4.2,0.0,0.0,7.8,1.6,0.0,0.0,0.0,0.0,56865,0,0,0,0,3,BOX ELDER,2,East Box Elder County not WFRC,11,NA,8,NA,Balance of Box Elder County
3291,184,62.5,148.0,2.37,6.2,0.8,3.1,2.3,18.7,0.8,0.0,0.1,3.0,0.0,0.1,0.0,2.2,0.0,0.0,9.3,3.2,0.0,0.0,0.0,0.0,56865,0,0,0,0,3,BOX ELDER,2,East Box Elder County not WFRC,11,NA,8,NA,Balance of Box Elder County
3292,185,34.0,76.7,2.26,4.0,2.2,0.7,1.1,15.0,2.1,0.1,0.3,0.4,0.1,0.3,0.2,0.5,0.0,0.0,9.3,1.7,0.0,0.0,0.0,0.0,56865,0,0,0,0,3,BOX ELDER,2,East Box Elder County not WFRC,11,NA,8,NA,Balance of Box Elder County
3293,186,3.8,5.9,1.55,4.3,0.0,0.0,4.3,7.6,0.0,0.0,0.0,0.0,0.0,0.0,0.0,4.3,0.0,0.0,3.1,0.2,0.0,0.0,0.0,0.0,56865,0,0,0,0,3,BOX ELDER,2,East Box Elder County not WFRC,11,NA,8,NA,Balance of Box Elder County
3294,187,4.7,30.0,6.37,0.0,0.0,0.0,0.0,3.3,0.0,0.0,0.0,0.0,0.0,0.0,0.0,0.0,0.0,0.0,3.1,0.2,0.0,0.0,0.0,0.0,56865,0,0,0,0,3,BOX ELDER,2,East Box Elder County not WFRC,11,NA,8,NA,Balance of Box Elder County
3295,188,7.6,20.4,2.68,0.0,0.0,0.0,0.0,3.5,0.0,0.0,0.0,0.0,0.0,0.0,0.0,0.0,0.0,0.0,3.1,0.4,2.0,0.0,0.0,0.0,56865,0,0,0,0,3,BOX ELDER,2,East Box Elder County not WFRC,11,NA,8,NA,Balance of Box Elder County
3296,189,4.7,7.3,1.55,0.0,0.0,0.0,0.0,3.3,0.0,0.0,0.0,0.0,0.0,0.0,0.0,0.0,0.0,0.0,3.1,0.2,0.0,0.0,0.0,0.0,48265,0,0,0,0,3,BOX ELDER,2,East Box Elder County not WFRC,7,NA,9,NA,Balance of Box Elder County
3297,190,18.8,49.3,2.63,15.0,0.8,8.5,5.7,20.7,0.5,0.3,5.5,2.9,0.4,0.8,0.4,4.1,0.0,0.0,4.7,1.0,0.0,0.0,0.0,0.0,48265,0,0,0,0,3,BOX ELDER,2,East Box Elder County not WFRC,7,NA,9,NA,Balance of Box Elder County
3298,191,19.8,37.1,1.87,21.0,19.9,0.4,0.6,26.6,19.8,0.1,0.2,0.2,0.1,0.2,0.1,0.3,0.0,0.0,4.7,1.0,0.0,0.0,0.0,0.0,48265,0,0,0,0,3,BOX ELDER,2,East Box Elder County not WFRC,7,NA,9,NA,Balance of Box Elder County
3299,192,40.7,97.6,2.40,9.5,2.5,0.0,7.0,17.8,2.5,0.0,0.0,0.0,0.0,0.0,0.0,7.0,0.0,0.0,6.2,2.1,0.0,0.0,0.0,0.0,48265,0,0,0,0,3,BOX ELDER,2,East Box Elder County not WFRC,7,NA,9,NA,Balance of Box Elder County
3300,193,35.3,61.6,1.75,1.6,0.9,0.0,0.7,3.4,0.0,0.9,0.0,0.0,0.7,0.0,0.0,0.0,0.0,0.0,0.0,1.8,0.0,0.0,0.0,0.0,48265,0,0,0,0,3,BOX ELDER,2,East Box Elder County not WFRC,7,NA,9,NA,Balance of Box Elder County
3301,194,7.3,11.3,1.55,0.0,0.0,0.0,0.0,8.2,0.0,0.0,0.0,0.0,0.0,0.0,0.0,0.0,0.0,0.0,7.8,0.4,0.0,0.0,0.0,0.0,48265,0,0,0,0,3,BOX ELDER,2,East Box Elder County not WFRC,7,NA,9,NA,Balance of Box Elder County
3302,195,19.8,57.1,2.89,5.1,0.9,1.8,2.5,10.8,0.8,0.0,0.1,1.7,0.0,0.1,0.0,2.3,0.0,0.0,4.7,1.0,0.0,0.0,0.0,0.0,55022,0,0,0,0,3,BOX ELDER,2,East Box Elder County not WFRC,11,NA,8,NA,Balance of Box Elder County
3303,196,20.2,44.0,2.18,3.4,0.1,1.7,1.6,10.6,0.1,0.0,0.1,1.6,1.2,0.1,0.1,0.2,0.0,0.0,6.2,1.0,0.0,0.0,0.0,0.0,48265,0,0,0,0,3,BOX ELDER,2,East Box Elder County not WFRC,7,NA,9,NA,Balance of Box Elder County
3304,197,58.1,157.4,2.71,5.4,0.1,3.0,2.3,14.6,0.0,0.0,0.1,2.9,0.0,0.1,0.0,2.1,0.0,0.0,6.2,3.0,0.0,0.0,0.0,0.0,48265,0,0,0,0,3,BOX ELDER,2,East Box Elder County not WFRC,7,NA,9,NA,Balance of Box Elder County
3305,198,19.2,55.3,2.88,1.0,1.0,0.0,0.0,8.2,1.0,0.0,0.0,0.0,0.0,0.0,0.0,0.0,0.0,0.0,6.2,1.0,0.0,0.0,0.0,0.0,48265,0,0,0,0,3,BOX ELDER,2,East Box Elder County not WFRC,7,NA,9,NA,Balance of Box Elder County
3306,199,50.1,129.3,2.58,0.0,0.0,0.0,0.0,11.9,0.0,0.0,0.0,0.0,0.0,0.0,0.0,0.0,0.0,0.0,9.3,2.6,0.0,0.0,0.0,0.0,48265,0,0,0,0,3,BOX ELDER,2,East Box Elder County not WFRC,7,NA,9,NA,Balance of Box Elder County
3307,200,5.0,6.0,1.20,2.1,0.0,0.0,2.1,2.4,0.0,0.0,0.0,0.0,0.0,0.0,0.0,2.1,0.0,0.0,0.0,0.3,0.0,0.0,0.0,0.0,48265,0,0,0,0,3,BOX ELDER,2,East Box Elder County not WFRC,7,NA,9,NA,Balance of Box Elder County
3308,201,5.7,15.6,2.76,0.0,0.0,0.0,0.0,3.4,0.0,0.0,0.0,0.0,0.0,0.0,0.0,0.0,0.0,0.0,3.1,0.3,0.0,0.0,0.0,0.0,48265,0,0,0,0,3,BOX ELDER,2,East Box Elder County not WFRC,7,NA,9,NA,Balance of Box Elder County
3309,202,34.5,94.1,2.73,154.3,14.2,99.9,40.2,165.4,10.9,3.3,34.9,65.0,4.9,8.4,4.7,22.3,0.0,0.0,9.3,1.8,0.0,0.0,0.0,0.0,54389,0,0,0,0,3,BOX ELDER,2,East Box Elder County not WFRC,7,NA,9,NA,Balance of Box Elder County
3310,203,10.8,34.5,3.19,0.0,0.0,0.0,0.0,2.2,0.0,0.0,0.0,0.0,0.0,0.0,0.0,0.0,0.0,0.0,1.6,0.6,0.0,0.0,0.0,0.0,53540,0,0,0,0,3,BOX ELDER,2,East Box Elder County not WFRC,7,NA,10,NA,Balance of Box Elder County
3311,204,2.7,4.1,1.55,0.0,0.0,0.0,0.0,1.7,0.0,0.0,0.0,0.0,0.0,0.0,0.0,0.0,0.0,0.0,1.6,0.1,0.0,0.0,0.0,0.0,53540,0,0,0,0,3,BOX ELDER,2,East Box Elder County not WFRC,7,NA,9,NA,Balance of Box Elder County
3312,205,38.4,104.6,2.72,4.4,0.4,2.5,1.4,17.3,0.3,0.1,0.4,2.1,0.2,0.4,0.2,0.7,0.0,0.0,10.9,2.0,0.0,0.0,0.0,0.0,52913,0,0,0,0,3,BOX ELDER,2,East Box Elder County not WFRC,7,NA,9,NA,Balance of Box Elder County
3313,206,22.9,57.7,2.52,11.5,0.0,11.5,0.0,25.1,0.0,0.0,3.1,8.3,0.0,0.0,0.0,0.0,0.0,0.0,12.5,1.2,0.0,0.0,0.0,0.0,52913,0,0,0,0,3,BOX ELDER,2,East Box Elder County not WFRC,7,NA,9,NA,Balance of Box Elder County
3314,207,14.5,45.9,3.16,0.0,0.0,0.0,0.0,11.6,0.0,0.0,0.0,0.0,0.0,0.0,0.0,0.0,0.0,0.0,10.9,0.7,0.0,0.0,0.0,0.0,48265,0,0,0,0,3,BOX ELDER,2,East Box Elder County not WFRC,7,NA,9,NA,Balance of Box Elder County
3315,208,5.0,6.0,1.20,0.0,0.0,0.0,0.0,0.3,0.0,0.0,0.0,0.0,0.0,0.0,0.0,0.0,0.0,0.0,0.0,0.3,0.0,0.0,0.0,0.0,48265,0,0,0,0,3,BOX ELDER,2,East Box Elder County not WFRC,7,NA,9,NA,Balance of Box Elder County
3316,209,12.6,37.3,2.95,0.0,0.0,0.0,0.0,3.7,0.0,0.0,0.0,0.0,0.0,0.0,0.0,0.0,0.0,0.0,3.1,0.6,0.0,0.0,0.0,0.0,48265,0,0,0,0,3,BOX ELDER,2,East Box Elder County not WFRC,7,NA,9,NA,Balance of Box Elder County
3317,210,19.8,45.6,2.30,24.4,1.1,15.3,8.0,30.1,0.7,0.4,1.9,13.4,0.5,1.0,0.5,6.0,0.0,0.0,4.7,1.0,0.0,0.0,0.0,0.0,53540,0,0,0,0,3,BOX ELDER,2,East Box Elder County not WFRC,7,NA,11,NA,Balance of Box Elder County
3318,211,16.7,44.2,2.65,0.0,0.0,0.0,0.0,4.0,0.0,0.0,0.0,0.0,0.0,0.0,0.0,0.0,0.0,0.0,3.1,0.9,0.0,0.0,0.0,0.0,48265,0,0,0,0,3,BOX ELDER,2,East Box Elder County not WFRC,7,NA,11,NA,Balance of Box Elder County
3319,212,5.0,6.0,1.20,0.0,0.0,0.0,0.0,0.3,0.0,0.0,0.0,0.0,0.0,0.0,0.0,0.0,0.0,0.0,0.0,0.3,0.0,0.0,0.0,0.0,48265,0,0,0,0,3,BOX ELDER,2,East Box Elder County not WFRC,7,NA,11,NA,Balance of Box Elder County
3320,213,3.8,7.7,2.03,0.0,0.0,0.0,0.0,3.3,0.0,0.0,0.0,0.0,0.0,0.0,0.0,0.0,0.0,0.0,3.1,0.2,0.0,0.0,0.0,0.0,48265,0,0,0,0,3,BOX ELDER,2,East Box Elder County not WFRC,7,NA,11,NA,Balance of Box Elder County
3321,214,76.0,190.3,2.50,49.1,4.5,20.5,24.2,56.2,2.9,1.6,13.0,7.5,2.2,4.2,2.4,15.4,0.0,0.0,3.1,3.9,0.0,0.0,0.0,0.0,51161,0,0,0,0,3,BOX ELDER,2,East Box Elder County not WFRC,7,NA,11,NA,Balance of Box Elder County
3322,215,6.0,7.2,1.20,0.0,0.0,0.0,0.0,0.3,0.0,0.0,0.0,0.0,0.0,0.0,0.0,0.0,0.0,0.0,0.0,0.3,0.0,0.0,0.0,0.0,55022,0,0,0,0,3,BOX ELDER,2,East Box Elder County not WFRC,6,NA,15,NA,Balance of Box Elder County
3323,216,22.9,61.8,2.70,0.0,0.0,0.0,0.0,5.9,0.0,0.0,0.0,0.0,0.0,0.0,0.0,0.0,0.0,0.0,4.7,1.2,0.0,0.0,0.0,0.0,48265,0,0,0,0,3,BOX ELDER,2,East Box Elder County not WFRC,7,NA,11,NA,Balance of Box Elder County
3324,217,0.0,0.0,0.00,0.0,0.0,0.0,0.0,0.0,0.0,0.0,0.0,0.0,0.0,0.0,0.0,0.0,0.0,0.0,0.0,0.0,0.0,0.0,0.0,0.0,48265,0,0,0,0,3,BOX ELDER,2,East Box Elder County not WFRC,7,NA,11,NA,Balance of Box Elder County
3325,218,67.5,153.0,2.27,13.6,0.0,11.5,2.2,48.3,0.0,0.0,2.2,9.3,0.0,0.0,0.0,2.2,0.0,0.0,31.2,3.5,0.0,0.0,0.0,0.0,54181,0,0,0,0,3,BOX ELDER,2,East Box Elder County not WFRC,8,NA,16,NA,Balance of Box Elder County
3326,219,62.9,195.5,3.11,8.1,2.5,3.3,2.4,48.7,0.4,2.0,0.7,2.5,0.3,0.6,0.3,1.1,0.0,0.0,37.4,3.2,0.0,0.0,0.0,0.0,54181,0,0,0,0,3,BOX ELDER,2,East Box Elder County not WFRC,8,NA,16,NA,Balance of Box Elder County
3327,220,2.0,4.1,2.03,0.0,0.0,0.0,0.0,0.1,0.0,0.0,0.0,0.0,0.0,0.0,0.0,0.0,0.0,0.0,0.0,0.1,1.0,0.0,0.0,0.0,42202,0,0,0,0,3,BOX ELDER,3,West Box Elder County,14,NA,2,NA,Balance of Box Elder County
3328,221,4.0,4.8,1.20,0.0,0.0,0.0,0.0,0.2,0.0,0.0,0.0,0.0,0.0,0.0,0.0,0.0,0.0,0.0,0.0,0.2,3.0,0.0,0.0,0.0,42202,0,0,0,0,3,BOX ELDER,3,West Box Elder County,14,NA,2,NA,Balance of Box Elder County
3329,222,13.5,24.0,1.78,26.4,0.4,5.5,20.5,28.7,0.3,0.1,0.5,5.0,0.2,0.4,0.2,19.8,0.0,0.0,1.6,0.7,14.0,0.0,0.0,0.0,42202,0,0,0,0,3,BOX ELDER,3,West Box Elder County,13,NA,4,NA,Balance of Box Elder County
3330,223,5.4,6.5,1.20,3.9,0.0,3.9,0.0,5.7,0.0,0.0,0.0,3.9,0.0,0.0,0.0,0.0,0.0,0.0,1.6,0.3,3.0,0.0,0.0,0.0,54204,0,0,0,0,3,BOX ELDER,3,West Box Elder County,13,NA,3,NA,Balance of Box Elder County
3331,224,0.0,0.0,0.00,1017.3,7.5,877.9,131.9,1017.3,7.5,0.0,877.9,0.0,0.0,109.5,1.1,21.3,0.0,0.0,0.0,0.0,0.0,0.0,0.0,0.0,54204,0,0,0,0,3,BOX ELDER,3,West Box Elder County,12,NA,5,NA,Balance of Box Elder County
3332,225,1.3,2.1,1.55,401.3,0.0,401.3,0.0,403.4,0.0,0.0,401.3,0.0,0.0,0.0,0.0,0.0,2.0,0.0,0.0,0.1,1.0,0.0,0.0,0.0,54204,0,0,0,0,3,BOX ELDER,3,West Box Elder County,12,NA,5,NA,Balance of Box Elder County
3333,226,184.2,586.4,3.18,75.0,0.0,73.1,1.9,126.6,0.0,0.0,63.4,9.7,1.9,0.0,0.0,0.0,0.0,0.0,42.1,9.5,0.0,0.0,0.0,0.0,54204,0,0,0,0,3,BOX ELDER,2,East Box Elder County not WFRC,8,NA,16,NA,Balance of Box Elder County
3334,227,36.3,129.5,3.57,17.8,0.0,9.2,8.7,29.1,0.0,0.0,7.3,1.9,6.0,0.0,0.0,2.7,0.0,0.0,9.3,1.9,0.0,0.0,0.0,0.0,54181,0,0,0,0,3,BOX ELDER,2,East Box Elder County not WFRC,8,NA,16,NA,Balance of Box Elder County
3335,228,26.8,80.3,3.00,0.0,0.0,0.0,0.0,26.3,0.0,0.0,0.0,0.0,0.0,0.0,0.0,0.0,0.0,0.0,24.9,1.4,0.0,0.0,0.0,0.0,54181,0,0,0,0,3,BOX ELDER,2,East Box Elder County not WFRC,8,NA,16,NA,Balance of Box Elder County
3336,229,29.7,101.3,3.41,3.2,0.1,0.3,2.7,26.5,0.1,0.0,0.2,0.2,0.1,0.1,0.1,2.5,0.0,0.0,21.8,1.5,0.0,0.0,0.0,0.0,54181,0,0,0,0,3,BOX ELDER,2,East Box Elder County not WFRC,8,NA,16,NA,Balance of Box Elder County
3337,230,15.7,35.4,2.25,0.0,0.0,0.0,0.0,10.1,0.0,0.0,0.0,0.0,0.0,0.0,0.0,0.0,0.0,0.0,9.3,0.8,0.0,0.0,0.0,0.0,54181,0,0,0,0,3,BOX ELDER,2,East Box Elder County not WFRC,8,NA,16,NA,Balance of Box Elder County
3338,231,92.9,248.4,2.68,35.9,0.0,30.9,4.9,70.3,0.0,0.0,0.0,30.9,0.0,0.0,3.0,1.9,0.0,0.0,29.6,4.8,0.0,0.0,0.0,0.0,54181,0,0,0,0,3,BOX ELDER,2,East Box Elder County not WFRC,8,NA,16,NA,Balance of Box Elder County
3339,232,10.0,12.0,1.20,0.0,0.0,0.0,0.0,0.5,0.0,0.0,0.0,0.0,0.0,0.0,0.0,0.0,0.0,0.0,0.0,0.5,0.0,0.0,0.0,0.0,54181,0,0,0,0,3,BOX ELDER,2,East Box Elder County not WFRC,8,NA,16,NA,Balance of Box Elder County
3340,233,9.7,29.6,3.07,0.0,0.0,0.0,0.0,6.7,0.0,0.0,0.0,0.0,0.0,0.0,0.0,0.0,0.0,0.0,6.2,0.5,0.0,0.0,0.0,0.0,54181,0,0,0,0,3,BOX ELDER,2,East Box Elder County not WFRC,8,NA,16,NA,Balance of Box Elder County
3341,234,13.9,44.3,3.18,1.0,1.0,0.0,0.0,3.3,1.0,0.0,0.0,0.0,0.0,0.0,0.0,0.0,0.0,0.0,1.6,0.7,0.0,0.0,0.0,0.0,54181,0,0,0,0,3,BOX ELDER,2,East Box Elder County not WFRC,8,NA,16,NA,Balance of Box Elder County
3342,235,44.9,113.1,2.52,5.0,0.1,0.2,4.7,12.8,0.1,0.0,0.1,0.1,0.0,0.1,0.0,4.5,4.0,0.0,1.6,2.3,0.0,0.0,0.0,0.0,54181,0,0,0,0,3,BOX ELDER,2,East Box Elder County not WFRC,8,NA,16,NA,Balance of Box Elder County
3343,236,30.6,86.1,2.82,0.0,0.0,0.0,0.0,4.7,0.0,0.0,0.0,0.0,0.0,0.0,0.0,0.0,0.0,0.0,3.1,1.6,0.0,0.0,0.0,0.0,54181,0,0,0,0,3,BOX ELDER,2,East Box Elder County not WFRC,8,NA,16,NA,Balance of Box Elder County
3344,237,0.0,0.0,0.00,0.0,0.0,0.0,0.0,0.0,0.0,0.0,0.0,0.0,0.0,0.0,0.0,0.0,0.0,0.0,0.0,0.0,0.0,0.0,0.0,0.0,54181,0,0,0,0,3,BOX ELDER,2,East Box Elder County not WFRC,8,NA,16,NA,Balance of Box Elder County
3345,238,5.0,6.0,1.20,79.8,1.2,7.4,71.2,80.1,0.8,0.4,1.4,6.1,0.6,1.1,0.6,68.9,0.0,0.0,0.0,0.3,0.0,0.0,0.0,0.0,54181,0,0,0,0,3,BOX ELDER,2,East Box Elder County not WFRC,8,NA,16,NA,Balance of Box Elder County
3346,239,16.0,41.2,2.58,12.4,0.0,4.3,8.1,14.8,0.0,0.0,0.0,4.3,0.0,0.0,0.0,8.1,0.0,0.0,1.6,0.8,0.0,0.0,0.0,0.0,54181,0,0,0,0,3,BOX ELDER,2,East Box Elder County not WFRC,8,NA,16,NA,Balance of Box Elder County
3347,240,11.6,31.5,2.71,4.3,0.0,0.0,4.3,8.0,0.0,0.0,0.0,0.0,0.0,0.0,0.0,4.3,0.0,0.0,3.1,0.6,0.0,0.0,0.0,0.0,63578,0,0,0,0,3,BOX ELDER,2,East Box Elder County not WFRC,8,NA,17,NA,Balance of Box Elder County
3348,241,16.2,40.9,2.52,0.0,0.0,0.0,0.0,8.6,0.0,0.0,0.0,0.0,0.0,0.0,0.0,0.0,0.0,0.0,7.8,0.8,0.0,0.0,0.0,0.0,63578,0,0,0,0,3,BOX ELDER,2,East Box Elder County not WFRC,8,NA,17,NA,Balance of Box Elder County
3349,242,9.8,18.3,1.87,0.0,0.0,0.0,0.0,2.1,0.0,0.0,0.0,0.0,0.0,0.0,0.0,0.0,0.0,0.0,1.6,0.5,0.0,0.0,0.0,0.0,54181,0,0,0,0,3,BOX ELDER,2,East Box Elder County not WFRC,8,NA,16,NA,Balance of Box Elder County
3350,243,8.5,23.1,2.71,0.0,0.0,0.0,0.0,6.6,0.0,0.0,0.0,0.0,0.0,0.0,0.0,0.0,0.0,0.0,6.2,0.4,0.0,0.0,0.0,0.0,54181,0,0,0,0,3,BOX ELDER,2,East Box Elder County not WFRC,8,NA,16,NA,Balance of Box Elder County
3351,244,0.0,0.0,0.00,0.0,0.0,0.0,0.0,0.0,0.0,0.0,0.0,0.0,0.0,0.0,0.0,0.0,0.0,0.0,0.0,0.0,0.0,0.0,0.0,0.0,55022,0,0,0,0,3,BOX ELDER,2,East Box Elder County not WFRC,6,NA,13,NA,Balance of Box Elder County
3352,245,5.4,19.8,3.67,2.3,0.1,1.8,0.4,4.2,0.1,0.0,0.1,1.6,0.1,0.1,0.1,0.2,0.0,0.0,1.6,0.3,0.0,0.0,0.0,0.0,54181,0,0,0,0,3,BOX ELDER,2,East Box Elder County not WFRC,8,NA,16,NA,Balance of Box Elder County
3353,246,1.3,2.1,1.55,0.0,0.0,0.0,0.0,0.1,0.0,0.0,0.0,0.0,0.0,0.0,0.0,0.0,0.0,0.0,0.0,0.1,1.0,0.0,0.0,0.0,54181,0,0,0,0,3,BOX ELDER,2,East Box Elder County not WFRC,8,NA,16,NA,Balance of Box Elder County
3354,247,7.7,17.3,2.24,23.3,1.2,17.7,4.4,59.3,0.8,0.5,1.4,16.3,0.6,1.2,0.6,2.1,34.0,0.0,1.6,0.4,0.0,0.0,0.0,0.0,54181,0,0,0,0,3,BOX ELDER,2,East Box Elder County not WFRC,8,NA,16,NA,Balance of Box Elder County
3355,248,9.8,22.5,2.30,0.0,0.0,0.0,0.0,2.1,0.0,0.0,0.0,0.0,0.0,0.0,0.0,0.0,0.0,0.0,1.6,0.5,0.0,0.0,0.0,0.0,63578,0,0,0,0,3,BOX ELDER,2,East Box Elder County not WFRC,8,NA,17,NA,Balance of Box Elder County
3356,249,6.7,16.8,2.52,0.0,0.0,0.0,0.0,1.9,0.0,0.0,0.0,0.0,0.0,0.0,0.0,0.0,0.0,0.0,1.6,0.3,1.0,0.0,0.0,0.0,63578,0,0,0,0,3,BOX ELDER,2,East Box Elder County not WFRC,8,NA,17,NA,Balance of Box Elder County
3357,250,9.7,28.3,2.93,0.0,0.0,0.0,0.0,6.7,0.0,0.0,0.0,0.0,0.0,0.0,0.0,0.0,0.0,0.0,6.2,0.5,0.0,0.0,0.0,0.0,63578,0,0,0,0,3,BOX ELDER,2,East Box Elder County not WFRC,8,NA,17,NA,Balance of Box Elder County
3358,251,20.5,67.7,3.30,2.1,0.0,0.0,2.1,12.6,0.0,0.0,0.0,0.0,0.0,0.0,0.0,2.1,0.0,0.0,9.3,1.1,0.0,0.0,0.0,0.0,63578,0,0,0,0,3,BOX ELDER,2,East Box Elder County not WFRC,8,NA,17,NA,Balance of Box Elder County
3359,252,0.0,0.0,0.00,0.0,0.0,0.0,0.0,0.0,0.0,0.0,0.0,0.0,0.0,0.0,0.0,0.0,0.0,0.0,0.0,0.0,0.0,0.0,0.0,0.0,55022,0,0,0,0,3,BOX ELDER,2,East Box Elder County not WFRC,6,NA,13,NA,Balance of Box Elder County
3360,253,6.0,12.3,2.03,0.0,0.0,0.0,0.0,0.3,0.0,0.0,0.0,0.0,0.0,0.0,0.0,0.0,0.0,0.0,0.0,0.3,0.0,0.0,0.0,0.0,55022,0,0,0,0,3,BOX ELDER,2,East Box Elder County not WFRC,6,NA,15,NA,Balance of Box Elder County
3361,254,4.4,9.9,2.28,0.0,0.0,0.0,0.0,0.2,0.0,0.0,0.0,0.0,0.0,0.0,0.0,0.0,0.0,0.0,0.0,0.2,0.0,0.0,0.0,0.0,54181,0,0,0,0,3,BOX ELDER,2,East Box Elder County not WFRC,8,NA,16,NA,Balance of Box Elder County
3362,255,6.7,14.7,2.20,3.8,0.3,2.3,1.2,5.7,0.2,0.1,0.4,2.0,0.2,0.3,0.2,0.5,0.0,0.0,1.6,0.3,1.0,0.0,0.0,0.0,54181,0,0,0,0,3,BOX ELDER,2,East Box Elder County not WFRC,8,NA,16,NA,Balance of Box Elder County
3363,256,3.6,4.5,1.23,0.0,0.0,0.0,0.0,1.8,0.0,0.0,0.0,0.0,0.0,0.0,0.0,0.0,0.0,0.0,1.6,0.2,0.0,0.0,0.0,0.0,63578,0,0,0,0,3,BOX ELDER,2,East Box Elder County not WFRC,8,NA,17,NA,Balance of Box Elder County
3364,257,0.0,0.0,0.00,439.3,48.9,218.1,172.3,468.9,31.9,17.0,137.4,80.7,24.2,43.9,24.6,79.6,0.0,0.0,29.6,0.0,0.0,0.0,0.0,0.0,46112,0,0,0,0,3,BOX ELDER,2,East Box Elder County not WFRC,8,NA,17,NA,Balance of Box Elder County
3365,258,4.7,7.3,1.55,0.0,0.0,0.0,0.0,3.3,0.0,0.0,0.0,0.0,0.0,0.0,0.0,0.0,0.0,0.0,3.1,0.2,0.0,0.0,0.0,0.0,63578,0,0,0,0,3,BOX ELDER,2,East Box Elder County not WFRC,8,NA,17,NA,Balance of Box Elder County
3366,259,5.3,13.4,2.52,0.0,0.0,0.0,0.0,3.4,0.0,0.0,0.0,0.0,0.0,0.0,0.0,0.0,0.0,0.0,3.1,0.3,0.0,0.0,0.0,0.0,63578,0,0,0,0,3,BOX ELDER,2,East Box Elder County not WFRC,8,NA,17,NA,Balance of Box Elder County
3367,260,4.2,10.5,2.52,0.0,0.0,0.0,0.0,4.9,0.0,0.0,0.0,0.0,0.0,0.0,0.0,0.0,0.0,0.0,4.7,0.2,0.0,0.0,0.0,0.0,63578,0,0,0,0,3,BOX ELDER,2,East Box Elder County not WFRC,8,NA,17,NA,Balance of Box Elder County
3368,261,4.7,11.9,2.52,0.0,0.0,0.0,0.0,3.3,0.0,0.0,0.0,0.0,0.0,0.0,0.0,0.0,0.0,0.0,3.1,0.2,0.0,0.0,0.0,0.0,63578,0,0,0,0,3,BOX ELDER,2,East Box Elder County not WFRC,8,NA,17,NA,Balance of Box Elder County
3369,262,5.3,9.5,1.79,0.0,0.0,0.0,0.0,3.4,0.0,0.0,0.0,0.0,0.0,0.0,0.0,0.0,0.0,0.0,3.1,0.3,0.0,0.0,0.0,0.0,63578,0,0,0,0,3,BOX ELDER,2,East Box Elder County not WFRC,8,NA,17,NA,Balance of Box Elder County
3370,263,0.0,0.0,0.00,0.0,0.0,0.0,0.0,0.0,0.0,0.0,0.0,0.0,0.0,0.0,0.0,0.0,0.0,0.0,0.0,0.0,0.0,0.0,0.0,0.0,63578,0,0,0,0,3,BOX ELDER,2,East Box Elder County not WFRC,8,NA,18,NA,Balance of Box Elder County
3371,264,53.1,132.6,2.50,20.0,0.6,4.4,15.0,27.4,0.4,0.2,0.6,3.8,0.3,0.5,0.3,13.9,0.0,0.0,4.7,2.7,0.0,0.0,0.0,0.0,62059,0,0,0,0,3,BOX ELDER,2,East Box Elder County not WFRC,8,NA,18,NA,Balance of Box Elder County
3376,265,1.0,4.5,4.44,46.1,4.5,10.8,30.8,49.3,2.9,1.6,5.0,5.8,2.2,4.2,2.4,22.0,0.0,0.0,3.1,0.1,0.0,0.0,0.0,0.0,54181,0,0,0,0,3,BOX ELDER,2,East Box Elder County not WFRC,8,NA,16,NA,Balance of Box Elder County
3377,266,0.0,0.0,0.00,0.0,0.0,0.0,0.0,0.0,0.0,0.0,0.0,0.0,0.0,0.0,0.0,0.0,0.0,0.0,0.0,0.0,0.0,0.0,0.0,0.0,54181,0,0,0,0,3,BOX ELDER,2,East Box Elder County not WFRC,8,NA,16,NA,Balance of Box Elder County
3378,267,6.7,26.5,3.96,0.0,0.0,0.0,0.0,1.9,0.0,0.0,0.0,0.0,0.0,0.0,0.0,0.0,0.0,0.0,1.6,0.3,0.0,0.0,0.0,0.0,54181,0,0,0,0,3,BOX ELDER,2,East Box Elder County not WFRC,8,NA,16,NA,Balance of Box Elder County
3379,268,7.7,24.7,3.21,0.0,0.0,0.0,0.0,2.0,0.0,0.0,0.0,0.0,0.0,0.0,0.0,0.0,0.0,0.0,1.6,0.4,0.0,0.0,0.0,0.0,46112,0,0,0,0,3,BOX ELDER,2,East Box Elder County not WFRC,8,NA,18,NA,Balance of Box Elder County
3380,269,3.8,7.7,2.03,0.0,0.0,0.0,0.0,3.3,0.0,0.0,0.0,0.0,0.0,0.0,0.0,0.0,0.0,0.0,3.1,0.2,1.0,0.0,0.0,0.0,46112,0,0,0,0,3,BOX ELDER,2,East Box Elder County not WFRC,8,NA,18,NA,Balance of Box Elder County
3381,270,3.0,4.7,1.55,3.6,0.1,3.1,0.4,3.8,0.1,0.0,0.1,2.9,0.1,0.1,0.1,0.2,0.0,0.0,0.0,0.2,0.0,0.0,0.0,0.0,54181,0,0,0,0,3,BOX ELDER,2,East Box Elder County not WFRC,8,NA,16,NA,Balance of Box Elder County
3382,271,5.9,9.2,1.55,0.0,0.0,0.0,0.0,1.9,0.0,0.0,0.0,0.0,0.0,0.0,0.0,0.0,0.0,0.0,1.6,0.3,0.0,0.0,0.0,0.0,54181,0,0,0,0,3,BOX ELDER,2,East Box Elder County not WFRC,8,NA,16,NA,Balance of Box Elder County
3383,272,6.0,25.4,4.20,0.0,0.0,0.0,0.0,5.0,0.0,0.0,0.0,0.0,0.0,0.0,0.0,0.0,0.0,0.0,4.7,0.3,0.0,0.0,0.0,0.0,46112,0,0,0,0,3,BOX ELDER,2,East Box Elder County not WFRC,8,NA,18,NA,Balance of Box Elder County
3384,273,6.0,16.7,2.76,0.0,0.0,0.0,0.0,5.0,0.0,0.0,0.0,0.0,0.0,0.0,0.0,0.0,0.0,0.0,4.7,0.3,0.0,0.0,0.0,0.0,46112,0,0,0,0,3,BOX ELDER,2,East Box Elder County not WFRC,8,NA,18,NA,Balance of Box Elder County
3385,274,6.4,14.6,2.28,0.0,0.0,0.0,0.0,5.0,0.0,0.0,0.0,0.0,0.0,0.0,0.0,0.0,0.0,0.0,4.7,0.3,0.0,0.0,0.0,0.0,46112,0,0,0,0,3,BOX ELDER,2,East Box Elder County not WFRC,8,NA,18,NA,Balance of Box Elder County
3386,275,62.7,190.2,3.03,0.0,0.0,0.0,0.0,12.5,0.0,0.0,0.0,0.0,0.0,0.0,0.0,0.0,0.0,0.0,9.3,3.2,0.0,0.0,0.0,0.0,46112,0,0,0,0,3,BOX ELDER,2,East Box Elder County not WFRC,8,NA,18,NA,Balance of Box Elder County
3394,276,13.1,20.3,1.55,0.0,0.0,0.0,0.0,0.7,0.0,0.0,0.0,0.0,0.0,0.0,0.0,0.0,0.0,0.0,0.0,0.7,2.0,0.0,0.0,0.0,54181,0,0,0,0,3,BOX ELDER,3,West Box Elder County,13,NA,4,NA,Balance of Box Elder County
3395,277,95.3,261.1,2.74,0.0,0.0,0.0,0.0,48.5,0.0,0.0,0.0,0.0,0.0,0.0,0.0,0.0,0.0,0.0,43.6,4.9,0.0,0.0,0.0,0.0,68477,0,0,0,0,3,BOX ELDER,2,East Box Elder County not WFRC,6,NA,15,NA,Balance of Box Elder County
3396,278,0.0,0.0,0.00,0.0,0.0,0.0,0.0,0.0,0.0,0.0,0.0,0.0,0.0,0.0,0.0,0.0,0.0,0.0,0.0,0.0,0.0,0.0,0.0,0.0,54181,0,0,0,0,3,BOX ELDER,2,East Box Elder County not WFRC,9,NA,19,NA,Balance of Box Elder County
3397,279,14.6,25.6,1.76,0.0,0.0,0.0,0.0,28.2,0.0,0.0,0.0,0.0,0.0,0.0,0.0,0.0,26.0,0.0,1.6,0.7,0.0,0.0,0.0,0.0,54181,0,0,0,0,3,BOX ELDER,2,East Box Elder County not WFRC,9,NA,19,NA,Balance of Box Elder County
3398,280,12.9,32.4,2.52,0.8,0.0,0.0,0.8,3.1,0.0,0.0,0.0,0.0,0.0,0.0,0.8,0.0,0.0,0.0,1.6,0.7,0.0,0.0,0.0,0.0,54181,0,0,0,0,3,BOX ELDER,2,East Box Elder County not WFRC,9,NA,19,NA,Balance of Box Elder County
3399,281,21.8,68.6,3.14,6.2,0.5,2.7,3.0,33.9,0.3,0.2,0.5,2.2,1.5,0.4,0.3,0.8,22.0,0.0,4.7,1.1,0.0,0.0,0.0,0.0,46112,0,0,0,0,3,BOX ELDER,2,East Box Elder County not WFRC,9,NA,19,NA,Balance of Box Elder County
3400,282,2.8,3.3,1.20,0.0,0.0,0.0,0.0,3.2,0.0,0.0,0.0,0.0,0.0,0.0,0.0,0.0,0.0,0.0,3.1,0.1,0.0,0.0,0.0,0.0,46112,0,0,0,0,3,BOX ELDER,2,East Box Elder County not WFRC,9,NA,19,NA,Balance of Box Elder County
3401,283,0.0,0.0,0.00,0.0,0.0,0.0,0.0,0.0,0.0,0.0,0.0,0.0,0.0,0.0,0.0,0.0,0.0,0.0,0.0,0.0,0.0,0.0,0.0,0.0,54181,0,0,0,0,3,BOX ELDER,2,East Box Elder County not WFRC,9,NA,19,NA,Balance of Box Elder County
3402,284,8.0,26.6,3.34,14.6,0.5,1.2,12.9,16.6,0.3,0.2,0.6,0.6,0.2,0.5,0.3,12.0,0.0,0.0,1.6,0.4,1.0,0.0,0.0,0.0,54181,0,0,0,0,3,BOX ELDER,2,East Box Elder County not WFRC,9,NA,19,NA,Balance of Box Elder County
3403,285,19.5,49.2,2.52,0.0,0.0,0.0,0.0,4.1,0.0,0.0,0.0,0.0,0.0,0.0,0.0,0.0,0.0,0.0,3.1,1.0,0.0,0.0,0.0,0.0,46112,0,0,0,0,3,BOX ELDER,2,East Box Elder County not WFRC,9,NA,19,NA,Balance of Box Elder County
3404,286,11.6,22.5,1.94,0.0,0.0,0.0,0.0,61.6,0.0,0.0,0.0,0.0,0.0,0.0,0.0,0.0,57.9,0.0,3.1,0.6,0.0,0.0,0.0,0.0,46112,0,0,0,0,3,BOX ELDER,2,East Box Elder County not WFRC,9,NA,19,NA,Balance of Box Elder County
3405,287,4.7,13.4,2.84,0.0,0.0,0.0,0.0,3.3,0.0,0.0,0.0,0.0,0.0,0.0,0.0,0.0,0.0,0.0,3.1,0.2,0.0,0.0,0.0,0.0,46112,0,0,0,0,3,BOX ELDER,2,East Box Elder County not WFRC,9,NA,19,NA,Balance of Box Elder County
3406,288,0.0,0.0,0.00,0.0,0.0,0.0,0.0,0.0,0.0,0.0,0.0,0.0,0.0,0.0,0.0,0.0,0.0,0.0,0.0,0.0,0.0,0.0,0.0,0.0,46112,0,0,0,0,3,BOX ELDER,2,East Box Elder County not WFRC,9,NA,19,NA,Balance of Box Elder County
3407,289,28.9,65.9,2.29,20.1,1.6,10.3,8.2,110.2,1.1,0.6,1.8,8.4,0.8,1.5,0.9,5.0,83.9,0.0,4.7,1.5,0.0,0.0,0.0,0.0,54181,0,0,0,0,3,BOX ELDER,2,East Box Elder County not WFRC,9,NA,19,NA,Balance of Box Elder County
3408,290,13.4,47.6,3.56,2.6,0.0,2.6,0.0,6.4,0.0,0.0,0.0,2.6,0.0,0.0,0.0,0.0,0.0,0.0,3.1,0.7,0.0,0.0,0.0,0.0,46112,0,0,0,0,3,BOX ELDER,2,East Box Elder County not WFRC,9,NA,19,NA,Balance of Box Elder County
3409,291,23.6,89.8,3.80,3.2,0.1,0.3,2.7,5.9,0.1,0.0,0.2,0.2,0.1,0.1,0.1,2.5,0.0,0.0,1.6,1.2,0.0,0.0,0.0,0.0,46112,0,0,0,0,3,BOX ELDER,2,East Box Elder County not WFRC,9,NA,19,NA,Balance of Box Elder County
3410,292,0.0,0.0,0.00,0.0,0.0,0.0,0.0,0.0,0.0,0.0,0.0,0.0,0.0,0.0,0.0,0.0,0.0,0.0,0.0,0.0,0.0,0.0,0.0,0.0,46112,0,0,0,0,3,BOX ELDER,2,East Box Elder County not WFRC,9,NA,19,NA,Balance of Box Elder County
3412,293,0.0,0.0,0.00,0.0,0.0,0.0,0.0,0.0,0.0,0.0,0.0,0.0,0.0,0.0,0.0,0.0,0.0,0.0,0.0,0.0,0.0,0.0,0.0,0.0,58870,0,0,0,0,3,BOX ELDER,2,East Box Elder County not WFRC,9,NA,19,NA,Balance of Box Elder County
3416,294,0.0,0.0,0.00,0.0,0.0,0.0,0.0,0.0,0.0,0.0,0.0,0.0,0.0,0.0,0.0,0.0,0.0,0.0,0.0,0.0,0.0,0.0,0.0,0.0,68477,0,0,0,0,3,BOX ELDER,2,East Box Elder County not WFRC,5,"Mantua, East Mountain",22,NA,Balance of Box Elder County
3417,295,12.1,30.4,2.52,55.0,11.8,12.4,30.8,57.2,10.9,1.0,9.1,3.2,1.2,2.5,9.7,17.4,0.0,0.0,1.6,0.6,1.0,0.0,0.0,0.0,60000,0,0,0,0,3,BOX ELDER,2,East Box Elder County not WFRC,5,"Mantua, East Mountain",25,NA,Balance of Box Elder County
3418,296,0.0,0.0,0.00,0.0,0.0,0.0,0.0,0.0,0.0,0.0,0.0,0.0,0.0,0.0,0.0,0.0,0.0,0.0,0.0,0.0,0.0,0.0,0.0,0.0,75963,0,0,0,0,3,BOX ELDER,2,East Box Elder County not WFRC,5,"Mantua, East Mountain",25,NA,Balance of Box Elder County
3419,297,0.0,0.0,0.00,0.0,0.0,0.0,0.0,0.0,0.0,0.0,0.0,0.0,0.0,0.0,0.0,0.0,0.0,0.0,0.0,0.0,0.0,0.0,0.0,0.0,54181,0,0,0,0,3,BOX ELDER,2,East Box Elder County not WFRC,9,NA,20,NA,Balance of Box Elder County
3420,298,0.0,0.0,0.00,0.0,0.0,0.0,0.0,0.0,0.0,0.0,0.0,0.0,0.0,0.0,0.0,0.0,0.0,0.0,0.0,0.0,0.0,0.0,0.0,0.0,58870,0,0,0,0,3,BOX ELDER,2,East Box Elder County not WFRC,9,NA,20,NA,Balance of Box Elder County
3422,299,0.0,0.0,0.00,0.0,0.0,0.0,0.0,0.0,0.0,0.0,0.0,0.0,0.0,0.0,0.0,0.0,0.0,0.0,0.0,0.0,0.0,0.0,0.0,0.0,53211,0,0,0,0,3,BOX ELDER,2,East Box Elder County not WFRC,10,NA,21,NA,Balance of Box Elder County
3423,300,0.0,0.0,0.00,0.0,0.0,0.0,0.0,0.0,0.0,0.0,0.0,0.0,0.0,0.0,0.0,0.0,0.0,0.0,0.0,0.0,0.0,0.0,0.0,0.0,42202,0,0,0,0,3,BOX ELDER,2,East Box Elder County not WFRC,10,NA,21,NA,Balance of Box Elder County
3424,301,0.0,0.0,0.00,0.0,0.0,0.0,0.0,0.0,0.0,0.0,0.0,0.0,0.0,0.0,0.0,0.0,0.0,0.0,0.0,0.0,0.0,0.0,0.0,0.0,42202,0,0,0,0,3,BOX ELDER,2,East Box Elder County not WFRC,10,NA,21,NA,Balance of Box Elder County
3437,302,0.0,0.0,0.00,8.6,0.0,0.0,8.6,8.6,0.0,0.0,0.0,0.0,0.0,0.0,0.0,8.6,0.0,0.0,0.0,0.0,0.0,0.0,0.0,0.0,42202,0,0,0,0,3,BOX ELDER,3,West Box Elder County,13,NA,99,NA,Balance of Box Elder County
30001,303,2.8,4.3,1.55,0.0,0.0,0.0,0.0,3.2,0.0,0.0,0.0,0.0,0.0,0.0,0.0,0.0,0.0,0.0,3.1,0.1,0.0,0.0,0.0,0.0,46112,0,0,0,1,3,BOX ELDER,1,WFRC - BE,1,North of Brigham City,1,NA,Balance of Box Elder County
30002,304,16.7,45.2,2.71,3.6,0.7,2.9,0.0,7.6,0.7,0.0,0.0,2.9,0.0,0.0,0.0,0.0,0.0,0.0,3.1,0.9,0.0,0.0,0.0,0.0,46112,0,0,0,1,3,BOX ELDER,1,WFRC - BE,1,North of Brigham City,1,NA,Balance of Box Elder County
30003,305,6.6,14.1,2.13,2.6,0.0,2.6,0.0,6.0,0.0,0.0,0.0,2.6,0.0,0.0,0.0,0.0,0.0,0.0,3.1,0.3,0.0,0.0,0.0,0.0,46112,0,0,0,1,3,BOX ELDER,1,WFRC - BE,1,North of Brigham City,1,NA,Balance of Box Elder County
30004,306,21.0,32.7,1.55,34.4,2.7,22.7,9.0,81.0,2.0,0.7,2.2,20.5,0.9,1.8,1.0,5.3,43.9,0.0,1.6,1.1,0.0,0.0,0.0,0.0,46112,0,0,0,1,3,BOX ELDER,1,WFRC - BE,1,North of Brigham City,1,NA,Balance of Box Elder County
30005,307,34.8,78.7,2.26,73.2,0.6,70.3,2.3,85.9,0.4,0.2,0.7,69.5,0.3,0.6,0.3,1.1,0.0,0.0,10.9,1.8,0.0,0.0,0.0,0.0,46112,0,0,0,1,3,BOX ELDER,1,WFRC - BE,1,North of Brigham City,1,NA,Balance of Box Elder County
30006,308,15.1,38.0,2.52,44.5,0.7,43.5,0.3,45.3,0.7,0.0,0.1,43.3,0.0,0.1,0.0,0.2,0.0,0.0,0.0,0.8,0.0,0.0,0.0,0.0,46112,0,0,0,1,3,BOX ELDER,1,WFRC - BE,1,North of Brigham City,1,NA,Balance of Box Elder County
30007,309,0.0,0.0,0.00,345.4,34.3,190.7,120.3,358.5,22.0,12.4,81.4,109.3,14.6,31.5,17.6,56.6,10.0,0.0,3.1,0.0,0.0,0.0,0.0,0.0,55022,0,0,0,1,3,BOX ELDER,1,WFRC - BE,1,North of Brigham City,2,NA,Brigham City
30008,310,0.0,0.0,0.00,0.0,0.0,0.0,0.0,0.0,0.0,0.0,0.0,0.0,0.0,0.0,0.0,0.0,0.0,0.0,0.0,0.0,0.0,0.0,0.0,0.0,55022,0,0,0,1,3,BOX ELDER,1,WFRC - BE,1,North of Brigham City,2,NA,Balance of Box Elder County
30009,311,12.9,46.9,3.64,0.0,0.0,0.0,0.0,2.3,0.0,0.0,0.0,0.0,0.0,0.0,0.0,0.0,0.0,0.0,1.6,0.7,0.0,0.0,0.0,0.0,55022,0,0,0,1,3,BOX ELDER,1,WFRC - BE,1,North of Brigham City,2,NA,Balance of Box Elder County
30010,312,61.6,161.0,2.61,12.6,2.0,0.8,9.8,29.8,1.9,0.1,0.4,0.4,0.2,0.3,1.7,7.6,0.0,0.0,14.0,3.2,0.0,0.0,0.0,0.0,57798,0,0,0,1,3,BOX ELDER,1,WFRC - BE,1,North of Brigham City,2,NA,Balance of Box Elder County
30011,313,42.8,123.1,2.88,10.5,0.6,3.1,6.7,25.1,0.4,0.2,0.7,2.4,4.0,0.6,1.0,1.1,0.0,0.0,12.5,2.2,0.0,0.0,0.0,0.0,57798,0,0,0,1,3,BOX ELDER,1,WFRC - BE,1,North of Brigham City,2,NA,Balance of Box Elder County
30012,314,132.8,212.9,1.60,42.6,2.8,33.8,6.0,86.8,2.8,0.0,1.3,32.5,0.0,0.0,0.0,6.0,0.0,0.0,37.4,6.8,0.0,0.0,0.0,0.0,57798,0,0,0,1,3,BOX ELDER,1,WFRC - BE,1,North of Brigham City,2,NA,Brigham City
30013,315,230.5,685.9,2.98,77.2,11.8,14.4,51.0,89.0,7.0,4.8,6.4,8.0,2.3,37.4,2.8,8.5,0.0,0.0,0.0,11.8,0.0,0.0,0.0,0.0,57798,0,0,0,1,3,BOX ELDER,1,WFRC - BE,1,North of Brigham City,2,NA,Brigham City
30014,316,7.3,12.5,1.71,0.0,0.0,0.0,0.0,3.5,0.0,0.0,0.0,0.0,0.0,0.0,0.0,0.0,0.0,0.0,3.1,0.4,1.0,0.0,0.0,0.0,54617,0,0,0,1,3,BOX ELDER,1,WFRC - BE,2,"Brigham City, Perry - West of",3,NA,Balance of Box Elder County
30015,317,408.4,789.9,1.93,0.0,0.0,0.0,0.0,184.6,0.0,0.0,0.0,0.0,0.0,0.0,0.0,0.0,0.0,0.0,163.6,21.0,0.0,0.0,0.0,0.0,58870,0,0,0,1,3,BOX ELDER,1,WFRC - BE,2,"Brigham City, Perry - West of",3,NA,Brigham City
30016,318,24.0,86.2,3.59,1.3,0.0,1.3,0.0,2.5,0.0,0.0,0.0,1.3,0.0,0.0,0.0,0.0,0.0,0.0,0.0,1.2,0.0,0.0,0.0,0.0,58870,0,0,0,1,3,BOX ELDER,1,WFRC - BE,2,"Brigham City, Perry - West of",3,NA,Brigham City
30017,319,0.0,0.0,0.00,0.0,0.0,0.0,0.0,0.0,0.0,0.0,0.0,0.0,0.0,0.0,0.0,0.0,0.0,0.0,0.0,0.0,0.0,0.0,0.0,0.0,58870,0,0,0,1,3,BOX ELDER,1,WFRC - BE,2,"Brigham City, Perry - West of",3,NA,Brigham City
30018,320,15.0,39.0,2.60,0.0,0.0,0.0,0.0,0.8,0.0,0.0,0.0,0.0,0.0,0.0,0.0,0.0,0.0,0.0,0.0,0.8,0.0,0.0,0.0,0.0,58870,0,0,0,1,3,BOX ELDER,1,WFRC - BE,2,"Brigham City, Perry - West of",4,NA,Brigham City
30019,321,0.0,0.0,0.00,8.2,0.0,0.0,8.2,8.2,0.0,0.0,0.0,0.0,0.0,8.2,0.0,0.0,0.0,0.0,0.0,0.0,0.0,0.0,0.0,0.0,58870,0,0,0,1,3,BOX ELDER,1,WFRC - BE,2,"Brigham City, Perry - West of",4,NA,Brigham City
30020,322,16.1,42.0,2.60,238.6,76.1,72.3,90.3,253.4,34.3,41.8,28.4,43.9,11.0,26.7,12.8,39.8,0.0,0.0,14.0,0.8,0.0,0.0,0.0,0.0,58870,0,0,0,1,3,BOX ELDER,1,WFRC - BE,2,"Brigham City, Perry - West of",4,NA,Perry
30021,323,0.0,0.0,0.00,0.0,0.0,0.0,0.0,0.0,0.0,0.0,0.0,0.0,0.0,0.0,0.0,0.0,0.0,0.0,0.0,0.0,0.0,0.0,0.0,0.0,58870,0,0,0,1,3,BOX ELDER,1,WFRC - BE,2,"Brigham City, Perry - West of",5,NA,Balance of Box Elder County
30022,324,17.4,45.5,2.61,4.6,0.7,1.6,2.4,13.3,0.4,0.2,0.7,0.9,0.3,0.6,0.3,1.1,0.0,0.0,7.8,0.9,0.0,0.0,0.0,0.0,58870,0,0,0,1,3,BOX ELDER,1,WFRC - BE,2,"Brigham City, Perry - West of",5,NA,Perry
30023,325,0.0,0.0,0.00,9.3,0.0,0.0,9.2,9.3,0.0,0.0,0.0,0.0,0.0,2.4,0.0,6.8,0.0,0.0,0.0,0.0,0.0,0.0,0.0,0.0,53211,0,0,0,1,3,BOX ELDER,1,WFRC - BE,2,"Brigham City, Perry - West of",5,NA,Willard
30024,326,0.0,0.0,0.00,0.0,0.0,0.0,0.0,0.0,0.0,0.0,0.0,0.0,0.0,0.0,0.0,0.0,0.0,0.0,0.0,0.0,0.0,0.0,0.0,0.0,53211,0,0,0,1,3,BOX ELDER,1,WFRC - BE,2,"Brigham City, Perry - West of",5,NA,Willard
30025,327,0.0,0.0,0.00,998.7,71.2,680.5,247.1,1004.9,45.5,25.7,496.2,184.2,30.3,65.2,36.5,115.1,0.0,0.0,6.2,0.0,0.0,0.0,0.0,0.0,58870,0,0,0,1,3,BOX ELDER,1,WFRC - BE,3,"Brigham City, North Perry",6,NA,Brigham City
30026,328,10.0,26.0,2.60,0.0,0.0,0.0,0.0,156.3,0.0,0.0,0.0,0.0,0.0,0.0,0.0,0.0,0.0,0.0,155.8,0.5,0.0,0.0,0.0,0.0,58870,0,0,0,1,3,BOX ELDER,1,WFRC - BE,3,"Brigham City, North Perry",6,NA,Brigham City
30027,329,216.7,581.0,2.68,27.4,3.9,9.3,14.2,102.4,2.5,1.4,4.3,5.1,1.9,3.6,2.1,6.6,0.0,0.0,63.9,11.1,0.0,0.0,0.0,0.0,58870,0,0,0,1,3,BOX ELDER,1,WFRC - BE,3,"Brigham City, North Perry",6,NA,Brigham City
30028,330,115.6,185.4,1.60,293.8,41.2,98.8,153.7,340.2,26.3,14.9,46.8,52.0,19.4,38.5,21.8,74.0,0.0,0.0,40.5,5.9,0.0,0.0,0.0,0.0,58870,0,0,0,1,3,BOX ELDER,1,WFRC - BE,3,"Brigham City, North Perry",6,NA,Brigham City
30029,331,133.6,214.3,1.60,486.4,45.6,279.0,161.9,530.7,29.1,16.4,190.8,88.1,19.4,41.8,23.4,77.4,0.0,0.0,37.4,6.9,0.0,0.0,0.0,0.0,57798,0,0,0,1,3,BOX ELDER,1,WFRC - BE,3,"Brigham City, North Perry",7,NA,Brigham City
30030,332,115.1,184.6,1.60,306.5,46.0,127.0,133.5,317.0,32.0,13.9,67.3,59.7,16.7,35.5,20.0,61.4,0.0,0.0,4.7,5.9,0.0,0.0,0.0,0.0,57798,0,0,0,1,3,BOX ELDER,1,WFRC - BE,3,"Brigham City, North Perry",7,NA,Brigham City
30031,333,334.6,757.9,2.27,388.1,59.6,147.8,180.7,467.6,41.0,18.5,83.9,63.9,22.3,47.3,26.6,84.6,0.0,0.0,62.3,17.2,0.0,0.0,0.0,0.0,58870,0,0,0,1,3,BOX ELDER,1,WFRC - BE,3,"Brigham City, North Perry",7,NA,Brigham City
30032,334,3.0,4.8,1.60,2233.6,0.0,1166.8,1066.8,2233.8,0.0,0.0,1166.8,0.0,1006.5,52.5,1.9,5.8,0.0,0.0,0.0,0.2,1.0,0.0,0.0,0.0,58870,0,0,0,1,3,BOX ELDER,1,WFRC - BE,3,"Brigham City, North Perry",7,NA,Brigham City
30033,335,180.0,703.5,3.91,50.7,6.2,14.6,29.9,59.9,4.0,2.2,7.3,7.2,2.7,8.4,4.0,14.9,0.0,0.0,0.0,9.2,0.0,0.0,0.0,0.0,57798,0,0,0,1,3,BOX ELDER,1,WFRC - BE,3,"Brigham City, North Perry",8,NA,Brigham City
30034,336,301.3,801.0,2.66,207.0,6.4,34.9,165.8,222.5,4.7,1.7,5.5,29.3,2.0,95.0,32.5,36.3,0.0,0.0,0.0,15.5,0.0,0.0,0.0,0.0,47905,463,0,0,1,3,BOX ELDER,1,WFRC - BE,3,"Brigham City, North Perry",8,NA,Brigham City
30035,337,230.2,655.7,2.85,5.9,0.5,1.2,4.2,17.7,0.3,0.2,0.6,0.6,0.2,0.5,0.3,3.2,0.0,0.0,0.0,11.8,0.0,0.0,0.0,0.0,58870,0,0,0,1,3,BOX ELDER,1,WFRC - BE,3,"Brigham City, North Perry",8,NA,Brigham City
30036,338,316.4,728.1,2.30,59.5,2.6,4.4,52.5,75.8,2.5,0.1,1.0,3.4,7.6,1.4,16.1,27.5,0.0,0.0,0.0,16.3,0.0,0.0,0.0,0.0,32172,0,0,0,1,3,BOX ELDER,1,WFRC - BE,3,"Brigham City, North Perry",8,NA,Brigham City
30037,339,90.0,261.8,2.91,194.5,16.2,28.3,149.9,200.6,11.9,4.4,14.4,13.9,5.8,11.1,7.0,125.9,0.0,0.0,1.6,4.6,0.0,0.0,0.0,0.0,57626,0,0,0,1,3,BOX ELDER,1,WFRC - BE,3,"Brigham City, North Perry",8,NA,Brigham City
30038,340,338.6,781.9,2.31,256.3,29.0,29.5,197.9,273.7,20.3,8.7,5.7,23.8,26.6,57.8,26.4,87.1,0.0,0.0,0.0,17.4,0.0,0.0,0.0,0.0,40255,0,0,0,1,3,BOX ELDER,1,WFRC - BE,3,"Brigham City, North Perry",8,NA,Brigham City
30039,341,225.6,485.3,2.15,247.1,67.0,79.3,100.8,260.3,60.1,6.9,22.7,56.5,15.6,17.6,10.6,57.0,0.0,0.0,1.6,11.6,0.0,0.0,0.0,0.0,68477,0,0,0,1,3,BOX ELDER,1,WFRC - BE,3,"Brigham City, North Perry",9,NA,Brigham City
30040,342,179.0,352.6,1.97,202.7,17.9,13.1,171.7,211.9,16.9,1.0,3.2,10.0,1.2,44.6,59.1,66.8,0.0,0.0,0.0,9.2,0.0,0.0,0.0,0.0,40901,499,0,0,1,3,BOX ELDER,1,WFRC - BE,3,"Brigham City, North Perry",9,NA,Brigham City
30041,343,137.0,388.1,2.83,8.8,0.1,1.8,6.8,15.8,0.1,0.0,0.2,1.7,0.1,0.1,0.1,6.6,0.0,0.0,0.0,7.0,0.0,0.0,0.0,0.0,42920,0,0,0,1,3,BOX ELDER,1,WFRC - BE,3,"Brigham City, North Perry",9,NA,Brigham City
30042,344,200.4,505.8,2.52,156.7,20.1,65.7,70.9,167.0,3.0,17.1,65.7,0.0,4.8,0.0,0.0,66.1,0.0,0.0,0.0,10.3,0.0,0.0,0.0,0.0,33991,0,0,0,1,3,BOX ELDER,1,WFRC - BE,3,"Brigham City, North Perry",9,NA,Brigham City
30043,345,165.2,417.8,2.53,13.1,0.7,7.7,4.6,21.6,0.5,0.3,0.9,6.9,0.3,0.7,0.4,3.3,0.0,0.0,0.0,8.5,0.0,0.0,0.0,0.0,33659,0,0,0,1,3,BOX ELDER,1,WFRC - BE,3,"Brigham City, North Perry",9,NA,Brigham City
30044,346,115.8,267.3,2.31,688.9,178.6,164.1,346.2,702.7,153.8,24.8,81.4,82.6,34.9,63.1,51.5,196.7,0.0,0.0,7.8,6.0,0.0,0.0,0.0,0.0,30165,0,0,0,1,3,BOX ELDER,1,WFRC - BE,3,"Brigham City, North Perry",9,NA,Brigham City
30045,347,63.5,172.4,2.72,15.9,2.0,3.5,10.5,19.2,1.6,0.4,2.2,1.3,0.5,1.0,2.2,6.8,0.0,0.0,0.0,3.3,0.0,0.0,0.0,0.0,30165,0,0,0,1,3,BOX ELDER,1,WFRC - BE,3,"Brigham City, North Perry",9,NA,Brigham City
30046,348,196.3,492.7,2.51,814.8,99.8,42.0,673.0,826.5,77.4,22.4,17.9,24.1,32.5,272.4,48.6,319.6,0.0,0.0,1.6,10.1,0.0,0.0,0.0,0.0,43652,0,0,0,1,3,BOX ELDER,1,WFRC - BE,3,"Brigham City, North Perry",9,NA,Brigham City
30047,349,168.2,409.2,2.43,164.9,4.9,9.4,150.7,173.5,3.5,1.4,4.7,4.7,2.4,134.7,2.1,11.4,0.0,0.0,0.0,8.6,0.0,0.0,0.0,0.0,43652,0,979,0,1,3,BOX ELDER,1,WFRC - BE,3,"Brigham City, North Perry",9,NA,Brigham City
30048,350,96.7,282.7,2.92,5.3,1.6,1.5,2.2,10.3,1.3,0.2,0.8,0.7,0.3,0.6,0.3,1.0,0.0,0.0,0.0,5.0,0.0,0.0,0.0,0.0,68477,0,0,0,1,3,BOX ELDER,1,WFRC - BE,3,"Brigham City, North Perry",10,NA,Brigham City
30049,351,270.0,681.5,2.52,3.5,0.8,0.0,2.6,17.4,0.8,0.0,0.0,0.0,1.3,1.3,0.0,0.0,0.0,0.0,0.0,13.9,0.0,0.0,0.0,0.0,36440,0,0,0,1,3,BOX ELDER,1,WFRC - BE,3,"Brigham City, North Perry",10,NA,Brigham City
30050,352,85.6,210.6,2.46,4.7,0.1,0.1,4.5,9.1,0.0,0.0,0.1,0.1,0.0,0.0,0.0,4.4,0.0,0.0,0.0,4.4,0.0,0.0,0.0,0.0,68477,0,0,0,1,3,BOX ELDER,1,WFRC - BE,3,"Brigham City, North Perry",10,NA,Brigham City
30051,353,150.4,347.7,2.31,4.8,0.0,0.0,4.8,12.5,0.0,0.0,0.0,0.0,0.6,0.0,0.0,4.2,0.0,0.0,0.0,7.7,0.0,0.0,0.0,0.0,68477,0,0,0,1,3,BOX ELDER,1,WFRC - BE,3,"Brigham City, North Perry",10,NA,Brigham City
30052,354,150.1,348.9,2.32,67.0,2.5,7.6,56.9,74.7,1.6,0.9,2.9,4.6,1.7,16.6,27.2,11.3,0.0,0.0,0.0,7.7,0.0,0.0,0.0,0.0,36440,0,0,0,1,3,BOX ELDER,1,WFRC - BE,3,"Brigham City, North Perry",10,NA,Brigham City
30053,355,166.3,524.9,3.16,9.5,0.1,1.8,7.7,18.0,0.1,0.0,0.1,1.6,2.4,0.1,2.8,2.3,0.0,0.0,0.0,8.5,0.0,0.0,0.0,0.0,60482,0,0,0,1,3,BOX ELDER,1,WFRC - BE,3,"Brigham City, North Perry",10,NA,Brigham City
30054,356,97.6,256.0,2.62,67.5,10.2,22.1,35.3,74.1,6.8,3.4,10.8,11.3,4.2,8.6,4.9,17.6,0.0,0.0,1.6,5.0,0.0,0.0,0.0,0.0,59889,0,0,0,1,3,BOX ELDER,1,WFRC - BE,3,"Brigham City, North Perry",10,NA,Brigham City
30055,357,41.3,96.9,2.35,6.8,0.3,0.8,5.7,8.9,0.2,0.1,0.4,0.4,0.1,0.3,0.2,5.1,0.0,0.0,0.0,2.1,0.0,0.0,0.0,0.0,59889,0,0,0,1,3,BOX ELDER,1,WFRC - BE,3,"Brigham City, North Perry",10,NA,Brigham City
30056,358,82.6,254.6,3.08,189.5,25.8,73.9,89.8,196.9,16.5,9.3,43.4,30.4,11.3,23.8,13.4,41.3,0.0,0.0,3.1,4.2,0.0,0.0,0.0,0.0,59889,0,0,0,1,3,BOX ELDER,1,WFRC - BE,3,"Brigham City, North Perry",10,NA,Brigham City
30057,359,157.5,422.3,2.68,238.5,33.5,80.3,124.7,301.1,21.4,12.1,38.0,42.3,15.8,32.6,17.7,58.6,0.0,0.0,54.5,8.1,0.0,0.0,0.0,0.0,58870,0,0,0,1,3,BOX ELDER,1,WFRC - BE,3,"Brigham City, North Perry",11,NA,Brigham City
30058,360,233.8,452.3,1.93,593.3,58.7,157.9,376.7,662.9,39.5,19.3,73.3,84.5,31.8,177.3,75.8,91.7,0.0,0.0,57.6,12.0,0.0,0.0,0.0,0.0,58870,0,14,20,1,3,BOX ELDER,1,WFRC - BE,3,"Brigham City, North Perry",11,NA,Brigham City
30059,361,218.8,586.7,2.68,0.0,0.0,0.0,0.0,73.5,0.0,0.0,0.0,0.0,0.0,0.0,0.0,0.0,0.0,0.0,62.3,11.2,0.0,0.0,0.0,0.0,58870,0,0,0,1,3,BOX ELDER,1,WFRC - BE,3,"Brigham City, North Perry",11,NA,Brigham City
30060,362,296.7,795.5,2.68,0.0,0.0,0.0,0.0,32.3,0.0,0.0,0.0,0.0,0.0,0.0,0.0,0.0,0.0,0.0,17.1,15.2,0.0,0.0,0.0,0.0,58870,0,0,0,1,3,BOX ELDER,1,WFRC - BE,3,"Brigham City, North Perry",11,NA,Brigham City
30061,363,0.0,0.0,0.00,172.1,24.6,59.2,88.3,175.2,15.7,8.9,28.3,30.8,11.4,23.0,13.0,40.9,0.0,0.0,3.1,0.0,0.0,0.0,0.0,0.0,58870,0,0,0,1,3,BOX ELDER,1,WFRC - BE,3,"Brigham City, North Perry",11,NA,Brigham City
30062,364,100.2,359.5,3.59,128.4,4.8,41.8,81.8,133.5,3.0,1.7,15.5,26.3,2.7,4.4,52.6,22.2,0.0,0.0,0.0,5.1,0.0,0.0,0.0,0.0,44190,0,0,0,1,3,BOX ELDER,1,WFRC - BE,3,"Brigham City, North Perry",12,NA,Brigham City
30063,365,44.1,104.4,2.37,663.4,49.2,60.5,553.7,665.7,49.2,0.0,60.5,0.0,0.0,0.0,4.5,549.2,0.0,0.0,0.0,2.3,0.0,0.0,0.0,0.0,53099,0,0,0,1,3,BOX ELDER,1,WFRC - BE,3,"Brigham City, North Perry",12,NA,Brigham City
30064,366,229.7,549.2,2.39,874.8,124.6,120.6,629.5,889.7,90.7,34.0,33.0,87.6,33.6,171.2,79.6,345.1,0.0,0.0,3.1,11.8,0.0,0.0,0.0,0.0,53099,31,46,46,1,3,BOX ELDER,1,WFRC - BE,3,"Brigham City, North Perry",12,NA,Brigham City
30065,367,22.1,48.9,2.22,176.4,0.0,0.0,176.4,177.5,0.0,0.0,0.0,0.0,0.0,173.8,0.0,2.6,0.0,0.0,0.0,1.1,0.0,0.0,0.0,0.0,44190,0,0,1439,1,3,BOX ELDER,1,WFRC - BE,3,"Brigham City, North Perry",12,NA,Brigham City
30066,368,271.0,697.4,2.57,69.7,32.1,3.9,33.8,83.6,17.1,15.0,1.1,2.8,2.4,4.8,0.5,26.1,0.0,0.0,0.0,13.9,0.0,0.0,0.0,0.0,44190,0,0,0,1,3,BOX ELDER,1,WFRC - BE,3,"Brigham City, North Perry",12,NA,Brigham City
30067,369,285.4,599.3,2.10,123.8,0.0,0.0,123.8,138.5,0.0,0.0,0.0,0.0,0.0,0.0,3.4,120.4,0.0,0.0,0.0,14.7,0.0,0.0,0.0,0.0,39229,0,0,0,1,3,BOX ELDER,1,WFRC - BE,3,"Brigham City, North Perry",12,NA,Brigham City
30068,370,210.5,573.8,2.73,106.6,12.0,28.1,66.5,118.9,7.7,4.3,14.2,13.9,5.1,11.0,9.3,41.0,0.0,0.0,1.6,10.8,0.0,0.0,0.0,0.0,40753,0,0,0,1,3,BOX ELDER,1,WFRC - BE,3,"Brigham City, North Perry",12,NA,Brigham City
30069,371,225.6,620.9,2.75,210.9,87.9,25.6,97.5,224.0,37.4,50.4,13.8,11.8,6.5,9.4,7.7,73.9,0.0,0.0,1.6,11.6,0.0,0.0,0.0,0.0,39229,0,0,0,1,3,BOX ELDER,1,WFRC - BE,3,"Brigham City, North Perry",12,NA,Brigham City
30070,372,700.4,1633.9,2.33,1206.6,45.2,93.7,1067.7,1247.3,29.1,16.1,56.7,37.0,13.7,180.8,653.9,219.3,0.0,0.0,4.7,36.0,0.0,0.0,0.0,0.0,39229,0,966,37,1,3,BOX ELDER,1,WFRC - BE,3,"Brigham City, North Perry",12,NA,Brigham City
30071,373,588.5,1520.5,2.58,676.6,182.8,11.2,482.7,706.8,41.8,141.0,4.2,7.0,6.9,198.6,86.5,190.7,0.0,0.0,0.0,30.2,0.0,0.0,0.0,0.0,43542,588,0,0,1,3,BOX ELDER,1,WFRC - BE,3,"Brigham City, North Perry",12,NA,Brigham City
30072,374,142.0,344.3,2.42,108.2,26.8,7.4,73.9,115.5,26.8,0.0,0.8,6.6,0.0,0.0,4.5,69.5,0.0,0.0,0.0,7.3,0.0,0.0,0.0,0.0,41635,0,0,0,1,3,BOX ELDER,1,WFRC - BE,3,"Brigham City, North Perry",13,NA,Brigham City
30073,375,28.2,67.1,2.38,107.2,12.5,29.3,65.3,110.2,8.0,4.5,14.8,14.5,5.4,11.5,6.5,41.9,0.0,0.0,1.6,1.4,0.0,0.0,0.0,0.0,41635,0,0,0,1,3,BOX ELDER,1,WFRC - BE,3,"Brigham City, North Perry",13,NA,Brigham City
30074,376,89.5,299.1,3.34,76.2,0.0,1.5,74.7,80.8,0.0,0.0,0.0,1.5,0.0,0.0,0.0,74.7,0.0,0.0,0.0,4.6,0.0,0.0,0.0,0.0,38344,0,0,0,1,3,BOX ELDER,1,WFRC - BE,3,"Brigham City, North Perry",13,NA,Brigham City
30075,377,145.8,310.1,2.13,183.6,31.4,8.8,143.4,191.1,12.7,18.7,2.8,6.0,3.5,2.2,10.7,127.0,0.0,0.0,0.0,7.5,0.0,0.0,0.0,0.0,36294,0,0,0,1,3,BOX ELDER,1,WFRC - BE,3,"Brigham City, North Perry",13,NA,Brigham City
30076,378,170.4,389.4,2.29,44.2,0.0,0.0,44.2,53.0,0.0,0.0,0.0,0.0,0.7,10.1,19.1,14.3,0.0,0.0,0.0,8.8,0.0,0.0,0.0,0.0,37447,0,0,0,1,3,BOX ELDER,1,WFRC - BE,3,"Brigham City, North Perry",13,NA,Brigham City
30077,379,105.2,291.3,2.77,22.3,0.3,0.7,21.3,27.7,0.2,0.1,0.4,0.4,0.7,0.3,0.2,20.1,0.0,0.0,0.0,5.4,0.0,0.0,0.0,0.0,31244,0,0,0,1,3,BOX ELDER,1,WFRC - BE,3,"Brigham City, North Perry",13,NA,Brigham City
30078,380,9.1,29.5,3.26,0.0,0.0,0.0,0.0,0.5,0.0,0.0,0.0,0.0,0.0,0.0,0.0,0.0,0.0,0.0,0.0,0.5,0.0,0.0,0.0,0.0,31101,0,0,0,1,3,BOX ELDER,1,WFRC - BE,3,"Brigham City, North Perry",13,NA,Brigham City
30079,381,286.1,628.5,2.20,629.9,217.2,50.6,362.1,647.7,121.2,95.9,25.8,24.8,15.4,66.8,38.0,241.9,0.0,0.0,3.1,14.7,0.0,0.0,0.0,0.0,31101,405,0,0,1,3,BOX ELDER,1,WFRC - BE,3,"Brigham City, North Perry",13,NA,Brigham City
30080,382,82.7,216.3,2.61,0.0,0.0,0.0,0.0,49.5,0.0,0.0,0.0,0.0,0.0,0.0,0.0,0.0,0.0,0.0,45.2,4.3,0.0,0.0,0.0,0.0,77906,0,0,0,1,3,BOX ELDER,1,WFRC - BE,3,"Brigham City, North Perry",14,NA,Perry
30081,383,0.0,0.0,0.00,269.5,151.8,41.6,76.1,271.1,37.8,114.1,19.2,22.4,9.1,14.9,8.4,43.8,0.0,0.0,1.6,0.0,0.0,0.0,0.0,0.0,77906,0,0,0,1,3,BOX ELDER,1,WFRC - BE,3,"Brigham City, North Perry",14,NA,Brigham City
30082,384,319.4,846.8,2.65,302.9,58.2,30.4,214.4,448.7,48.7,9.5,12.6,17.8,4.6,143.1,19.3,47.4,0.0,0.0,129.3,16.4,0.0,0.0,0.0,0.0,77906,0,0,0,1,3,BOX ELDER,1,WFRC - BE,3,"Brigham City, North Perry",14,NA,Brigham City
30083,385,82.7,216.3,2.61,526.9,328.9,69.6,128.5,587.1,310.2,18.7,31.7,37.9,12.0,25.1,15.8,75.7,6.0,0.0,49.9,4.3,0.0,0.0,0.0,0.0,77906,0,0,0,1,3,BOX ELDER,1,WFRC - BE,3,"Brigham City, North Perry",14,NA,Perry
30084,386,142.0,426.7,3.00,348.4,89.8,62.8,195.9,393.1,37.7,52.2,30.2,32.5,39.8,78.4,13.4,64.2,0.0,0.0,37.4,7.3,0.0,0.0,0.0,0.0,77906,0,0,0,1,3,BOX ELDER,1,WFRC - BE,3,"Brigham City, North Perry",14,NA,Perry
30085,387,184.1,558.7,3.04,293.3,246.6,12.2,34.4,318.3,3.3,243.3,6.0,6.2,2.3,4.8,19.0,8.4,0.0,0.0,15.6,9.5,0.0,0.0,0.0,0.0,77906,0,0,0,1,3,BOX ELDER,1,WFRC - BE,3,"Brigham City, North Perry",14,NA,Perry
30086,388,138.6,362.5,2.61,0.0,0.0,0.0,0.0,74.1,0.0,0.0,0.0,0.0,0.0,0.0,0.0,0.0,0.0,0.0,67.0,7.1,0.0,0.0,0.0,0.0,60413,0,0,0,1,3,BOX ELDER,1,WFRC - BE,3,"Brigham City, North Perry",14,NA,Perry
30087,389,132.4,349.0,2.64,16.1,1.8,5.2,9.1,74.3,1.2,0.7,3.0,2.2,0.8,1.7,1.0,5.5,0.0,0.0,51.4,6.8,0.0,0.0,0.0,0.0,60413,0,0,0,1,3,BOX ELDER,1,WFRC - BE,3,"Brigham City, North Perry",14,NA,Perry
30088,390,227.6,749.7,3.29,164.4,16.1,33.2,115.0,177.7,8.5,7.6,15.6,17.7,6.6,50.7,23.7,34.0,0.0,0.0,1.6,11.7,0.0,0.0,0.0,0.0,60413,886,103,0,1,3,BOX ELDER,1,WFRC - BE,3,"Brigham City, North Perry",14,NA,Perry
30089,391,75.2,134.3,1.79,144.7,17.9,43.6,83.2,150.2,12.1,5.8,16.1,27.6,6.4,15.0,16.3,45.5,0.0,0.0,1.6,3.9,0.0,0.0,0.0,0.0,77906,0,0,0,1,3,BOX ELDER,1,WFRC - BE,3,"Brigham City, North Perry",15,NA,Brigham City
30090,392,180.0,469.3,2.61,155.8,16.7,39.4,99.7,168.2,10.6,6.0,19.2,20.2,8.2,15.4,17.3,58.8,0.0,0.0,3.1,9.3,0.0,0.0,0.0,0.0,77906,0,0,0,1,3,BOX ELDER,1,WFRC - BE,3,"Brigham City, North Perry",15,NA,Perry
30091,393,260.6,558.5,2.14,43.3,3.2,14.3,25.8,56.7,2.0,1.2,8.7,5.6,14.4,3.0,3.2,5.2,0.0,0.0,0.0,13.4,0.0,0.0,0.0,0.0,77906,0,0,0,1,3,BOX ELDER,1,WFRC - BE,3,"Brigham City, North Perry",15,NA,Perry
30092,394,210.6,509.7,2.42,59.1,11.1,17.3,30.6,71.4,5.1,6.1,7.6,9.8,3.0,6.1,5.8,15.7,0.0,0.0,1.6,10.8,0.0,0.0,0.0,0.0,77906,0,0,0,1,3,BOX ELDER,1,WFRC - BE,3,"Brigham City, North Perry",15,NA,Perry
30093,395,158.1,449.7,2.84,76.0,6.8,16.0,53.3,85.7,4.3,2.4,7.9,8.1,3.0,6.3,20.8,23.2,0.0,0.0,1.6,8.1,0.0,0.0,0.0,0.0,60413,0,0,0,1,3,BOX ELDER,1,WFRC - BE,3,"Brigham City, North Perry",15,NA,Perry
30094,396,0.0,0.0,0.00,0.0,0.0,0.0,0.0,0.0,0.0,0.0,0.0,0.0,0.0,0.0,0.0,0.0,0.0,0.0,0.0,0.0,0.0,0.0,0.0,0.0,69043,0,0,0,1,3,BOX ELDER,1,WFRC - BE,4,"South Perry, Willard",16,NA,Perry
30095,397,119.0,350.5,2.94,4.8,0.0,0.0,4.8,20.3,0.0,0.0,0.0,0.0,0.6,0.0,0.0,4.2,0.0,0.0,9.3,6.1,0.0,0.0,0.0,0.0,69043,0,0,0,1,3,BOX ELDER,1,WFRC - BE,4,"South Perry, Willard",16,NA,Perry
30096,398,227.1,603.0,2.66,76.9,3.8,0.9,72.2,166.5,0.0,3.8,0.9,0.0,0.0,69.6,0.0,2.6,0.0,0.0,77.9,11.7,0.0,0.0,0.0,0.0,69043,0,0,0,1,3,BOX ELDER,1,WFRC - BE,4,"South Perry, Willard",16,NA,Perry
30097,399,285.7,839.6,2.94,80.7,9.4,15.6,55.7,97.0,4.2,5.1,7.7,7.9,5.6,20.4,4.2,25.4,0.0,0.0,1.6,14.7,0.0,0.0,0.0,0.0,69043,0,0,0,1,3,BOX ELDER,1,WFRC - BE,4,"South Perry, Willard",16,NA,Perry
30098,400,0.0,0.0,0.00,0.0,0.0,0.0,0.0,0.0,0.0,0.0,0.0,0.0,0.0,0.0,0.0,0.0,0.0,0.0,0.0,0.0,0.0,0.0,0.0,0.0,69043,0,0,0,1,3,BOX ELDER,1,WFRC - BE,4,"South Perry, Willard",16,NA,Perry
30099,401,200.1,625.5,3.13,18.0,1.7,4.0,12.3,28.3,1.1,0.6,2.0,2.0,0.8,1.6,2.4,7.6,0.0,0.0,0.0,10.3,0.0,0.0,0.0,0.0,69043,0,0,0,1,3,BOX ELDER,1,WFRC - BE,4,"South Perry, Willard",16,NA,Perry
30100,402,119.4,292.8,2.45,19.2,3.5,6.2,9.5,36.2,1.6,1.9,2.9,3.4,1.3,2.4,1.4,4.4,0.0,0.0,10.9,6.1,0.0,0.0,0.0,0.0,53211,0,0,0,1,3,BOX ELDER,1,WFRC - BE,4,"South Perry, Willard",16,NA,Perry
30101,403,258.2,741.8,2.87,64.0,13.7,20.1,30.3,302.5,10.7,3.0,9.5,10.6,4.0,7.8,4.4,14.1,109.9,0.0,115.3,13.3,0.0,0.0,0.0,0.0,75963,0,0,0,1,3,BOX ELDER,1,WFRC - BE,4,"South Perry, Willard",16,NA,Perry
30102,404,0.0,0.0,0.00,0.0,0.0,0.0,0.0,0.0,0.0,0.0,0.0,0.0,0.0,0.0,0.0,0.0,0.0,0.0,0.0,0.0,0.0,0.0,0.0,0.0,53211,0,0,0,1,3,BOX ELDER,1,WFRC - BE,4,"South Perry, Willard",16,NA,Perry
30103,405,0.0,0.0,0.00,0.0,0.0,0.0,0.0,0.0,0.0,0.0,0.0,0.0,0.0,0.0,0.0,0.0,0.0,0.0,0.0,0.0,0.0,0.0,0.0,0.0,53211,0,0,0,1,3,BOX ELDER,1,WFRC - BE,4,"South Perry, Willard",16,NA,Willard
30104,406,197.5,550.1,2.79,0.0,0.0,0.0,0.0,25.7,0.0,0.0,0.0,0.0,0.0,0.0,0.0,0.0,0.0,0.0,15.6,10.1,0.0,0.0,0.0,0.0,53211,0,0,0,1,3,BOX ELDER,1,WFRC - BE,4,"South Perry, Willard",16,NA,Perry
30105,407,24.2,63.0,2.61,0.0,0.0,0.0,0.0,29.2,0.0,0.0,0.0,0.0,0.0,0.0,0.0,0.0,0.0,0.0,28.0,1.2,0.0,0.0,0.0,0.0,53211,0,0,0,1,3,BOX ELDER,1,WFRC - BE,4,"South Perry, Willard",17,NA,Willard
30106,408,48.2,126.7,2.63,0.0,0.0,0.0,0.0,16.5,0.0,0.0,0.0,0.0,0.0,0.0,0.0,0.0,0.0,0.0,14.0,2.5,0.0,0.0,0.0,0.0,53211,0,0,0,1,3,BOX ELDER,1,WFRC - BE,4,"South Perry, Willard",17,NA,Willard
30107,409,62.7,219.7,3.50,0.0,0.0,0.0,0.0,26.6,0.0,0.0,0.0,0.0,0.0,0.0,0.0,0.0,0.0,0.0,23.4,3.2,0.0,0.0,0.0,0.0,53211,0,0,0,1,3,BOX ELDER,1,WFRC - BE,4,"South Perry, Willard",17,NA,Willard
30108,410,54.6,153.1,2.80,2.3,0.1,1.7,0.4,17.5,0.1,0.0,0.1,1.6,0.1,0.1,0.1,0.2,0.0,0.0,12.5,2.8,0.0,0.0,0.0,0.0,75963,0,0,0,1,3,BOX ELDER,1,WFRC - BE,4,"South Perry, Willard",17,NA,Willard
30109,411,6.4,16.8,2.61,122.9,71.7,20.4,30.8,131.0,64.6,7.1,9.8,10.6,4.0,8.0,4.5,14.3,0.0,0.0,7.8,0.3,0.0,0.0,0.0,0.0,53211,0,0,0,1,3,BOX ELDER,1,WFRC - BE,4,"South Perry, Willard",17,NA,Willard
30110,412,26.3,62.5,2.38,27.5,2.5,13.4,11.6,35.0,1.6,0.9,10.3,3.1,1.2,2.3,1.3,6.9,0.0,0.0,6.2,1.3,0.0,0.0,0.0,0.0,53211,0,0,0,1,3,BOX ELDER,1,WFRC - BE,4,"South Perry, Willard",17,NA,Willard
30111,413,30.0,35.9,1.20,26.6,8.2,10.5,7.9,37.5,7.4,0.8,2.5,8.0,1.0,2.1,1.2,3.7,0.0,0.0,9.3,1.5,0.0,0.0,0.0,0.0,53211,0,0,0,1,3,BOX ELDER,1,WFRC - BE,4,"South Perry, Willard",17,NA,Willard
30112,414,23.4,87.5,3.74,0.0,0.0,0.0,0.0,10.5,0.0,0.0,0.0,0.0,0.0,0.0,0.0,0.0,0.0,0.0,9.3,1.2,0.0,0.0,0.0,0.0,75963,0,0,0,1,3,BOX ELDER,1,WFRC - BE,4,"South Perry, Willard",17,NA,Willard
30113,415,52.7,123.3,2.34,1.0,1.0,0.0,0.0,23.9,1.0,0.0,0.0,0.0,0.0,0.0,0.0,0.0,0.0,0.0,20.3,2.7,0.0,0.0,0.0,0.0,53211,0,0,0,1,3,BOX ELDER,1,WFRC - BE,4,"South Perry, Willard",18,NA,Willard
30114,416,54.5,155.6,2.86,9.4,0.8,3.5,5.1,23.8,0.5,0.3,0.9,2.6,0.4,0.7,0.4,3.6,0.0,2.3,9.3,2.8,0.0,0.0,0.0,0.0,53211,0,0,0,1,3,BOX ELDER,1,WFRC - BE,4,"South Perry, Willard",18,NA,Willard
30115,417,42.9,127.7,2.97,3.2,1.2,0.8,1.2,21.0,1.1,0.1,0.4,0.4,0.2,0.3,0.2,0.5,0.0,0.0,15.6,2.2,1.0,0.0,0.0,0.0,75963,0,0,0,1,3,BOX ELDER,1,WFRC - BE,4,"South Perry, Willard",18,NA,Willard
30116,418,90.6,141.6,1.56,0.0,0.0,0.0,0.0,34.3,0.0,0.0,0.0,0.0,0.0,0.0,0.0,0.0,0.0,0.0,29.6,4.7,0.0,0.0,0.0,0.0,53211,0,0,0,1,3,BOX ELDER,1,WFRC - BE,4,"South Perry, Willard",18,NA,Willard
30117,419,62.5,155.0,2.48,62.5,0.9,0.0,61.6,65.7,0.9,0.0,0.0,0.0,2.8,56.3,0.0,2.5,0.0,0.0,0.0,3.2,0.0,0.0,0.0,0.0,53211,280,0,0,1,3,BOX ELDER,1,WFRC - BE,4,"South Perry, Willard",18,NA,Willard
30118,420,175.1,377.1,2.15,18.2,2.5,8.0,7.7,27.2,2.3,0.2,5.2,2.7,0.3,0.6,0.4,6.4,0.0,0.0,0.0,9.0,0.0,0.0,0.0,0.0,75963,0,0,0,1,3,BOX ELDER,1,WFRC - BE,4,"South Perry, Willard",18,NA,Willard
30119,421,99.3,235.6,2.37,0.0,0.0,0.0,0.0,20.7,0.0,0.0,0.0,0.0,0.0,0.0,0.0,0.0,0.0,0.0,15.6,5.1,0.0,0.0,0.0,0.0,53211,0,0,0,1,3,BOX ELDER,1,WFRC - BE,4,"South Perry, Willard",18,NA,Willard
30120,422,96.0,256.5,2.67,8.3,0.0,6.9,1.3,44.3,0.0,0.0,0.0,6.9,0.0,0.0,1.3,0.0,0.0,0.0,31.2,4.9,0.0,0.0,0.0,0.0,53211,0,0,0,1,3,BOX ELDER,1,WFRC - BE,4,"South Perry, Willard",18,NA,Willard
30121,423,73.8,189.4,2.57,3.0,0.2,1.4,1.5,11.5,0.1,0.1,1.2,0.2,0.1,0.1,1.0,0.3,0.0,0.0,4.7,3.8,0.0,0.0,0.0,0.0,75963,0,0,0,1,3,BOX ELDER,1,WFRC - BE,4,"South Perry, Willard",18,NA,Willard
30122,424,70.8,85.0,1.20,0.0,0.0,0.0,0.0,36.3,0.0,0.0,0.0,0.0,0.0,0.0,0.0,0.0,0.0,0.0,32.7,3.6,0.0,0.0,0.0,0.0,53211,0,0,0,1,3,BOX ELDER,1,WFRC - BE,4,"South Perry, Willard",18,NA,Willard
30123,425,92.2,252.2,2.73,1.3,0.1,0.2,1.0,20.0,0.1,0.0,0.1,0.1,0.7,0.1,0.0,0.2,0.0,0.0,14.0,4.7,0.0,0.0,0.0,0.0,75963,0,0,0,1,3,BOX ELDER,1,WFRC - BE,4,"South Perry, Willard",18,NA,Willard
30124,426,151.3,423.2,2.80,20.8,1.9,4.4,14.5,30.2,1.2,0.7,2.1,2.4,1.6,1.7,1.0,10.2,0.0,0.0,1.6,7.8,0.0,0.0,0.0,0.0,53211,0,0,0,1,3,BOX ELDER,1,WFRC - BE,4,"South Perry, Willard",19,NA,Balance of Box Elder County
30125,427,141.9,415.3,2.93,36.8,14.1,8.2,14.6,75.7,13.4,0.7,5.8,2.4,3.1,1.8,1.0,8.6,30.0,0.0,1.6,7.3,0.0,0.0,0.0,0.0,75963,0,0,0,1,3,BOX ELDER,1,WFRC - BE,4,"South Perry, Willard",19,NA,Balance of Box Elder County
30126,428,225.4,710.4,3.15,29.0,3.0,10.7,15.3,40.6,2.6,0.4,9.5,1.2,1.2,0.9,3.2,10.0,0.0,0.0,0.0,11.6,0.0,0.0,0.0,0.0,53211,0,0,0,1,3,BOX ELDER,1,WFRC - BE,4,"South Perry, Willard",19,NA,Balance of Box Elder County
30127,429,355.0,1048.6,2.95,25.3,5.7,3.5,16.2,43.5,5.1,0.5,1.7,1.8,2.0,1.4,0.8,12.0,0.0,0.0,0.0,18.2,0.0,0.0,0.0,0.0,75963,0,0,0,1,3,BOX ELDER,1,WFRC - BE,4,"South Perry, Willard",19,NA,Balance of Box Elder County
30128,430,352.4,705.6,2.00,109.7,10.8,59.6,39.3,142.5,8.2,2.7,20.7,38.8,3.4,17.3,3.8,14.7,0.0,11.7,3.1,18.1,0.0,0.0,0.0,0.0,69896,0,0,0,1,3,BOX ELDER,1,WFRC - BE,4,"South Perry, Willard",19,NA,Balance of Box Elder County
30129,431,75.8,172.5,2.28,2.1,0.3,0.7,1.1,6.0,0.2,0.1,0.4,0.4,0.1,0.3,0.2,0.5,0.0,0.0,0.0,3.9,0.0,0.0,0.0,0.0,53211,0,0,0,1,3,BOX ELDER,1,WFRC - BE,4,"South Perry, Willard",19,NA,Balance of Box Elder County
30130,432,5.5,15.6,2.84,0.0,0.0,0.0,0.0,5.0,0.0,0.0,0.0,0.0,0.0,0.0,0.0,0.0,0.0,0.0,4.7,0.3,0.0,0.0,0.0,0.0,53211,0,0,0,1,3,BOX ELDER,1,WFRC - BE,4,"South Perry, Willard",20,NA,Balance of Box Elder County
30131,433,14.2,35.8,2.52,10.7,0.0,0.0,10.7,42.6,0.0,0.0,0.0,0.0,0.0,0.0,0.0,10.7,0.0,0.0,31.2,0.7,0.0,0.0,0.0,0.0,53211,0,0,0,1,3,BOX ELDER,1,WFRC - BE,4,"South Perry, Willard",20,NA,Balance of Box Elder County
30132,434,4.4,15.4,3.48,25.8,0.0,25.8,0.0,33.8,0.0,0.0,0.0,25.8,0.0,0.0,0.0,0.0,0.0,0.0,7.8,0.2,0.0,0.0,0.0,0.0,53211,0,0,0,1,3,BOX ELDER,1,WFRC - BE,4,"South Perry, Willard",20,NA,Balance of Box Elder County
30133,435,6.0,21.0,3.48,0.0,0.0,0.0,0.0,5.0,0.0,0.0,0.0,0.0,0.0,0.0,0.0,0.0,0.0,0.0,4.7,0.3,0.0,0.0,0.0,0.0,53211,0,0,0,1,3,BOX ELDER,1,WFRC - BE,4,"South Perry, Willard",20,NA,Balance of Box Elder County
30134,436,4.4,6.9,1.55,0.0,0.0,0.0,0.0,8.0,0.0,0.0,0.0,0.0,0.0,0.0,0.0,0.0,0.0,0.0,7.8,0.2,0.0,0.0,0.0,0.0,53211,0,0,0,1,3,BOX ELDER,1,WFRC - BE,4,"South Perry, Willard",20,NA,Balance of Box Elder County
30135,437,0.0,0.0,0.00,0.0,0.0,0.0,0.0,0.0,0.0,0.0,0.0,0.0,0.0,0.0,0.0,0.0,0.0,0.0,0.0,0.0,0.0,0.0,0.0,0.0,53211,0,0,0,1,3,BOX ELDER,1,WFRC - BE,4,"South Perry, Willard",20,NA,Balance of Box Elder County
